Tar,ItemNum,Condition,Sentence,Target,Completion,Part,Cloze,Cloze_Balanced,Association,Association_RC,Association_MC,ratio_rc,ratio_mc,assoc_rc_w,assoc_mc_w,assoc_rc_weighted,assoc_mc_weighted,assoc_weighted,rcnoun,rcverb,nchar,freq,logfreq
Abzug,51,A,"Sofort betätigt der Killer, der das Ziel anvisiert hat,",den Abzug,und trifft das Opfer.,2,0.5,0,4.5,3.8,5.9,1.727272727,3.6875,0.3189926548,0.6810073452,1.212172088,4.017943337,5.230115425,3.2,4.4,5,10.01,2.30358459332713
Abzug,51,B,"Sofort betätigt der Killer, der den Tee abgestellt hat,",den Abzug,und trifft das Opfer.,2,0.33,0,3.433,2.2,5.9,1.727272727,3.6875,0.3189926548,0.6810073452,0.7017838405,4.017943337,4.719727177,1.4,3,5,10.01,2.30358459332713
Abzug,51,C,"Sofort knickt der Killer, der das Ziel anvisiert hat,",den Abzug,und trifft das Opfer.,2,0,0,3.067,3.8,1.6,1.727272727,3.6875,0.3189926548,0.6810073452,1.212172088,1.089611752,2.301783841,3.2,4.4,5,10.01,2.30358459332713
Abzug,51,D,"Sofort knickt der Killer, der den Tee abgestellt hat,",den Abzug,und trifft das Opfer.,2,0,0,2,2.2,1.6,1.727272727,3.6875,0.3189926548,0.6810073452,0.7017838405,1.089611752,1.791395593,1.4,3,5,10.01,2.30358459332713
Aktie,99,A,"Sofort kauft der Börsenmakler, der die Börse betreten hat,",die Aktie,und berichtet seinem Auftraggeber.,0,0.75,1,4.833,4,6.5,2.666666667,4.642857143,0.3648208469,0.6351791531,1.459283388,4.128664495,5.587947883,6.9,1.1,5,16.68,2.8142103969306
Aktie,99,B,"Sofort kauft der Börsenmakler, der den Whiskey eingeschenkt hat,",die Aktie,und berichtet seinem Auftraggeber.,0,0.83,1,3.167,1.5,6.5,2.666666667,4.642857143,0.3648208469,0.6351791531,0.5472312704,4.128664495,4.675895765,1.4,1.6,5,16.68,2.8142103969306
Aktie,99,C,"Sofort knabbert der Börsenmakler, der die Börse betreten hat,",die Aktie,und berichtet seinem Auftraggeber.,0,0,1,3.133,4,1.4,2.666666667,4.642857143,0.3648208469,0.6351791531,1.459283388,0.8892508143,2.348534202,6.9,1.1,5,16.68,2.8142103969306
Aktie,99,D,"Sofort knabbert der Börsenmakler, der den Whiskey eingeschenkt hat,",die Aktie,und berichtet seinem Auftraggeber.,0,0,1,1.467,1.5,1.4,2.666666667,4.642857143,0.3648208469,0.6351791531,0.5472312704,0.8892508143,1.436482085,1.4,1.6,5,16.68,2.8142103969306
Anker,110,A,"Gestern lichtete der Seemann, der das Boot kommandierte,",den Anker,und verließ den Hafen.,0,0.5,1,5.1,4.2,6.9,1.647058824,6.9,0.1927047488,0.8072952512,0.8093599449,5.570337233,6.379697178,6.4,2,5,3.79,1.33236601909434
Anker,110,B,"Gestern lichtete der Seemann, der den Atem anhielt,",den Anker,und verließ den Hafen.,0,0.58,1,4,2.55,6.9,1.647058824,6.9,0.1927047488,0.8072952512,0.4913971094,5.570337233,6.061734343,1,4.1,5,3.79,1.33236601909434
Anker,110,C,"Gestern kochte der Seemann, der das Boot kommandierte,",den Anker,und verließ den Hafen.,0,0,1,3.133,4.2,1,1.647058824,6.9,0.1927047488,0.8072952512,0.8093599449,0.8072952512,1.616655196,6.4,2,5,3.79,1.33236601909434
Anker,110,D,"Gestern kochte der Seemann, der den Atem anhielt,",den Anker,und verließ den Hafen.,0,0,1,2.033,2.55,1,1.647058824,6.9,0.1927047488,0.8072952512,0.4913971094,0.8072952512,1.298692361,1,4.1,5,3.79,1.33236601909434
Artikel,91,A,"Schnell schreibt der Journalist, der die Recherche durchgeführt hat,",den Artikel,für die nächste Ausgabe.,0,0.5,0,4.667,3.95,6.1,1,2.652173913,0.2738095238,0.7261904762,1.081547619,4.429761905,5.511309524,6.4,1.5,7,199.52,5.29591448193173
Artikel,91,B,"Schnell schreibt der Journalist, der das Portemonnaie gefunden hat,",den Artikel,für die nächste Ausgabe.,0,0.25,0,4.667,3.95,6.1,1,2.652173913,0.2738095238,0.7261904762,1.081547619,4.429761905,5.511309524,2.5,5.4,7,199.52,5.29591448193173
Artikel,91,C,"Schnell lenkt der Journalist, der die Recherche durchgeführt hat,",den Artikel,für die nächste Ausgabe.,0,0,0,3.4,3.95,2.3,1,2.652173913,0.2738095238,0.7261904762,1.081547619,1.670238095,2.751785714,6.4,1.5,7,199.52,5.29591448193173
Artikel,91,D,"Schnell lenkt der Journalist, der das Portemonnaie gefunden hat,",den Artikel,für die nächste Ausgabe.,0,0,0,3.4,3.95,2.3,1,2.652173913,0.2738095238,0.7261904762,1.081547619,1.670238095,2.751785714,2.5,5.4,7,199.52,5.29591448193173
Aussage,105,A,"Ohne zu zögern verweigerte der Zeuge, der den Angeklagten wiedererkannte,",die Aussage,und wendete sich an seinen Anwalt.,0,1,0,5.4,4.95,6.3,3.666666667,2.423076923,0.6021052632,0.3978947368,2.980421053,2.506736842,5.487157895,6.4,3.5,7,49.52,3.90237662837634
Aussage,105,B,"Ohne zu zögern verweigerte der Zeuge, der den Gehstock umklammerte,",die Aussage,und wendete sich an seinen Anwalt.,0,0.83,0,3,1.35,6.3,3.666666667,2.423076923,0.6021052632,0.3978947368,0.8128421053,2.506736842,3.319578947,1.1,1.6,7,49.52,3.90237662837634
Aussage,105,C,"Ohne zu zögern bestellte der Zeuge, der den Angeklagten wiedererkannte,",die Aussage,und wendete sich an seinen Anwalt.,0,0,0,4.167,4.95,2.6,3.666666667,2.423076923,0.6021052632,0.3978947368,2.980421053,1.034526316,4.014947368,6.4,3.5,7,49.52,3.90237662837634
Aussage,105,D,"Ohne zu zögern bestellte der Zeuge, der den Gehstock umklammerte,",die Aussage,und wendete sich an seinen Anwalt.,0,0,0,1.767,1.35,2.6,3.666666667,2.423076923,0.6021052632,0.3978947368,0.8128421053,1.034526316,1.847368421,1.1,1.6,7,49.52,3.90237662837634
Ausweis,87,A,"Am Abend kontrollierte der Türsteher, der den Geldbeutel durchsuchte,",den Ausweis,und ließ die Frau in den Club.,0,0.33,1,5.433,4.85,6.6,3.03125,4.4,0.4079058032,0.5920941968,1.978343146,3.907821699,5.886164844,6.4,3.3,7,3.79,1.33236601909434
Ausweis,87,B,"Am Abend kontrollierte der Türsteher, der die Nachtluft genoss,",den Ausweis,und ließ die Frau in den Club.,0,0.25,1,3.267,1.6,6.6,3.03125,4.4,0.4079058032,0.5920941968,0.6526492851,3.907821699,4.560470984,2,1.2,7,3.79,1.33236601909434
Ausweis,87,C,"Am Abend probierte der Türsteher, der den Geldbeutel durchsuchte,",den Ausweis,und ließ die Frau in den Club.,0,0,1,3.733,4.85,1.5,3.03125,4.4,0.4079058032,0.5920941968,1.978343146,0.8881412952,2.866484441,6.4,3.3,7,3.79,1.33236601909434
Ausweis,87,D,"Am Abend probierte der Türsteher, der die Nachtluft genoss,",den Ausweis,und ließ die Frau in den Club.,0,0,1,1.567,1.6,1.5,3.03125,4.4,0.4079058032,0.5920941968,0.6526492851,0.8881412952,1.54079058,2,1.2,7,3.79,1.33236601909434
Auto,18,A,"Schnell repariert der KFZ-Mechatroniker, der den Motor ausgetauscht hat,",das Auto,und übergibt es an den Kunden.,1,0.58,0,5.6,5.25,6.3,1.296296296,5.727272727,0.1845637584,0.8154362416,0.9689597315,5.137248322,6.106208054,7,3.5,4,68.27,4.22347043143019
Auto,18,B,"Schnell repariert der KFZ-Mechatroniker, der den Urlaub gebucht hat,",das Auto,und übergibt es an den Kunden.,1,0.75,0,4.8,4.05,6.3,1.296296296,5.727272727,0.1845637584,0.8154362416,0.7474832215,5.137248322,5.884731544,5,3.1,4,68.27,4.22347043143019
Auto,18,C,"Schnell brät der KFZ-Mechatroniker, der den Motor ausgetauscht hat,",das Auto,und übergibt es an den Kunden.,1,0,0,3.867,5.25,1.1,1.296296296,5.727272727,0.1845637584,0.8154362416,0.9689597315,0.8969798658,1.865939597,7,3.5,4,68.27,4.22347043143019
Auto,18,D,"Schnell brät der KFZ-Mechatroniker, der den Urlaub gebucht hat,",das Auto,und übergibt es an den Kunden.,1,0,0,3.067,4.05,1.1,1.296296296,5.727272727,0.1845637584,0.8154362416,0.7474832215,0.8969798658,1.644463087,5,3.1,4,68.27,4.22347043143019
Axt,1,A,"Gestern schärfte der Holzfäller, bevor er das Holz stapelte,",die Axt,und hackte die Holzscheite.,0,0.75,1,5.333,5,6,2.325581395,4.285714286,0.351758794,0.648241206,1.75879397,3.889447236,5.648241206,6.9,3.1,3,2.4,0.8754687373539
Axt,1,B,"Gestern schärfte der Holzfäller, bevor er den Film schaute,",die Axt,und hackte die Holzscheite.,0,0.67,1,3.433,2.15,6,2.325581395,4.285714286,0.351758794,0.648241206,0.756281407,3.889447236,4.645728643,3.1,1.2,3,2.4,0.8754687373539
Axt,1,C,"Gestern aß der Holzfäller, bevor er das Holz stapelte,",die Axt,und hackte die Holzscheite.,0,0,1,3.8,5,1.4,2.325581395,4.285714286,0.351758794,0.648241206,1.75879397,0.9075376884,2.666331658,6.9,3.1,3,2.4,0.8754687373539
Axt,1,D,"Gestern aß der Holzfäller, bevor er den Film schaute,",die Axt,und hackte die Holzscheite.,0,0,1,1.9,2.15,1.4,2.325581395,4.285714286,0.351758794,0.648241206,0.756281407,0.9075376884,1.663819095,3.1,1.2,3,2.4,0.8754687373539
Bart,40,A,"Direkt trimmt der Herrenfriseur, nachdem er die Klinge ausgepackt hat,",den Bart,des Mannes.,2,0.58,0,4.5,3.35,6.8,3.045454545,4,0.4322580645,0.5677419355,1.448064516,3.860645161,5.308709677,5.4,1.3,4,6.68,1.89911798754855
Bart,40,B,"Direkt trimmt der Herrenfriseur, nachdem er das Wasserglas abgestellt hat,",den Bart,des Mannes.,2,0.25,0,3,1.1,6.8,3.045454545,4,0.4322580645,0.5677419355,0.475483871,3.860645161,4.336129032,1.2,1,4,6.68,1.89911798754855
Bart,40,C,"Direkt hört der Herrenfriseur, nachdem er die Klinge ausgepackt hat,",den Bart,des Mannes.,2,0,0,2.8,3.35,1.7,3.045454545,4,0.4322580645,0.5677419355,1.448064516,0.9651612903,2.413225806,5.4,1.3,4,6.68,1.89911798754855
Bart,40,D,"Direkt hört der Herrenfriseur, nachdem er das Wasserglas abgestellt hat,",den Bart,des Mannes.,2,0,0,1.3,1.1,1.7,3.045454545,4,0.4322580645,0.5677419355,0.475483871,0.9651612903,1.440645161,1.2,1,4,6.68,1.89911798754855
Baum,28,A,"Vorsichtig fällt der Holzarbeiter, der die Säge gestartet hat,",den Baum,neben der Schule.,0,0.92,1,4.733,3.6,7,1.531914894,5.384615385,0.2214860388,0.7785139612,0.7973497397,5.449597728,6.246947468,5.9,1.3,4,23.47,3.15572300986293
Baum,28,B,"Vorsichtig fällt der Holzarbeiter, der den Transporter geparkt hat,",den Baum,neben der Schule.,0,0.83,1,3.9,2.35,7,1.531914894,5.384615385,0.2214860388,0.7785139612,0.5204921912,5.449597728,5.97008992,2.8,1.9,4,23.47,3.15572300986293
Baum,28,C,"Vorsichtig durchwühlt der Holzarbeiter, der die Säge gestartet hat,",den Baum,neben der Schule.,0,0,1,2.833,3.6,1.3,1.531914894,5.384615385,0.2214860388,0.7785139612,0.7973497397,1.01206815,1.809417889,5.9,1.3,4,23.47,3.15572300986293
Baum,28,D,"Vorsichtig durchwühlt der Holzarbeiter, der den Transporter geparkt hat,",den Baum,neben der Schule.,0,0,1,2,2.35,1.3,1.531914894,5.384615385,0.2214860388,0.7785139612,0.5204921912,1.01206815,1.532560341,2.8,1.9,4,23.47,3.15572300986293
Befehl,35,A,"Bedächtig erteilt der General, der die Rekruten kommandiert,",den Befehl,zum Abmarsch.,0,0.92,0,6.533,6.5,6.6,3.170731707,4.714285714,0.4021210782,0.5978789218,2.613787008,3.946000884,6.559787892,6,7,6,22.09,3.09512501743203
Befehl,35,B,"Bedächtig erteilt der General, der die Getränke einschenkt,",den Befehl,zum Abmarsch.,0,0.75,0,3.567,2.05,6.6,3.170731707,4.714285714,0.4021210782,0.5978789218,0.8243482103,3.946000884,4.770349094,1.7,2.4,6,22.09,3.09512501743203
Befehl,35,C,"Bedächtig biegt der General, der die Rekruten kommandiert,",den Befehl,zum Abmarsch.,0,0,0,4.8,6.5,1.4,3.170731707,4.714285714,0.4021210782,0.5978789218,2.613787008,0.8370304905,3.450817499,6,7,6,22.09,3.09512501743203
Befehl,35,D,"Bedächtig biegt der General, der die Getränke einschenkt,",den Befehl,zum Abmarsch.,0,0,0,1.833,2.05,1.4,3.170731707,4.714285714,0.4021210782,0.5978789218,0.8243482103,0.8370304905,1.661378701,1.7,2.4,6,22.09,3.09512501743203
Berg,34,A,"Fröhlich erklimmt der Wanderer, nachdem er das Tal durchquert hat,",den Berg,und stellt sein Zelt auf.,1,0.75,0,5.467,4.8,6.8,3.310344828,4.533333333,0.4220398593,0.5779601407,2.025791325,3.930128957,5.955920281,6.4,3.2,4,28.6,3.35340671782581
Berg,34,B,"Fröhlich erklimmt der Wanderer, nachdem er die Stoppuhr gestartet hat,",den Berg,und stellt sein Zelt auf.,1,0.92,0,3.233,1.45,6.8,3.310344828,4.533333333,0.4220398593,0.5779601407,0.611957796,3.930128957,4.542086753,1.4,1.5,4,28.6,3.35340671782581
Berg,34,C,"Fröhlich kauft der Wanderer, nachdem er das Tal durchquert hat,",den Berg,und stellt sein Zelt auf.,1,0,0,3.7,4.8,1.5,3.310344828,4.533333333,0.4220398593,0.5779601407,2.025791325,0.866940211,2.892731536,6.4,3.2,4,28.6,3.35340671782581
Berg,34,D,"Fröhlich kauft der Wanderer, nachdem er die Stoppuhr gestartet hat,",den Berg,und stellt sein Zelt auf.,1,0,0,1.467,1.45,1.5,3.310344828,4.533333333,0.4220398593,0.5779601407,0.611957796,0.866940211,1.478898007,1.4,1.5,4,28.6,3.35340671782581
Bett,74,A,"Zuerst bezog der Hotelangestellte, nachdem er den Bezug entfaltet hatte,",das Bett,und das Kissen.,0,0.92,0,6.167,5.8,6.9,4,5.75,0.4102564103,0.5897435897,2.379487179,4.069230769,6.448717949,6.9,4.7,4,40.48,3.70080802497921
Bett,74,B,"Zuerst bezog der Hotelangestellte, nachdem er den Hamburger verspeist hatte,",das Bett,und das Kissen.,0,0.67,0,3.267,1.45,6.9,4,5.75,0.4102564103,0.5897435897,0.5948717949,4.069230769,4.664102564,1.1,1.8,4,40.48,3.70080802497921
Bett,74,C,"Zuerst fälschte der Hotelangestellte, nachdem er den Bezug entfaltet hatte,",das Bett,und das Kissen.,0,0.08,0,4.267,5.8,1.2,4,5.75,0.4102564103,0.5897435897,2.379487179,0.7076923077,3.087179487,6.9,4.7,4,40.48,3.70080802497921
Bett,74,D,"Zuerst fälschte der Hotelangestellte, nachdem er den Hamburger verspeist hatte,",das Bett,und das Kissen.,0,0,0,1.367,1.45,1.2,4,5.75,0.4102564103,0.5897435897,0.5948717949,0.7076923077,1.302564103,1.1,1.8,4,40.48,3.70080802497921
Bier,12,A,"Vorgestern probierte der Braumeister, nachdem er den Kessel ausgeschaltet hatte,",das Bier,das zuvor gebraut wurde.,0,0.67,1,3.367,2.55,5,1.243902439,4.545454545,0.2148602068,0.7851397932,0.5478935274,3.925698966,4.473592493,3.9,1.2,4,25.42,3.23553626576131
Bier,12,B,"Vorgestern probierte der Braumeister, nachdem er den Boden gewischt hatte,",das Bier,das zuvor gebraut wurde.,0,0.58,1,3.033,2.05,5,1.243902439,4.545454545,0.2148602068,0.7851397932,0.440463424,3.925698966,4.36616239,1.8,2.3,4,25.42,3.23553626576131
Bier,12,C,"Vorgestern bemalte der Braumeister, nachdem er den Kessel ausgeschaltet hatte,",das Bier,das zuvor gebraut wurde.,0,0,1,2.067,2.55,1.1,1.243902439,4.545454545,0.2148602068,0.7851397932,0.5478935274,0.8636537725,1.4115473,3.9,1.2,4,25.42,3.23553626576131
Bier,12,D,"Vorgestern bemalte der Braumeister, nachdem er den Boden gewischt hatte,",das Bier,das zuvor gebraut wurde.,0,0,1,1.733,2.05,1.1,1.243902439,4.545454545,0.2148602068,0.7851397932,0.440463424,0.8636537725,1.304117196,1.8,2.3,4,25.42,3.23553626576131
Bild,120,A,"Fröhlich malte der Künstler, der die Leinwand aufgespannt hatte,",das Bild,in seinem Atelier.,2,0.58,1,5.3,4.45,7,2.78125,3.181818182,0.4664125774,0.5335874226,2.07553597,3.735111958,5.810647928,6.6,2.3,4,174.64,5.16272671224169
Bild,120,B,"Fröhlich malte der Künstler, der den Nachtisch zubereitet hatte,",das Bild,in seinem Atelier.,2,0.58,1,3.4,1.6,7,2.78125,3.181818182,0.4664125774,0.5335874226,0.7462601239,3.735111958,4.481372082,1.5,1.7,4,174.64,5.16272671224169
Bild,120,C,"Fröhlich bewohnte der Künstler, der die Leinwand aufgespannt hatte,",das Bild,in seinem Atelier.,2,0,1,3.7,4.45,2.2,2.78125,3.181818182,0.4664125774,0.5335874226,2.07553597,1.17389233,3.249428299,6.6,2.3,4,174.64,5.16272671224169
Bild,120,D,"Fröhlich bewohnte der Künstler, der den Nachtisch zubereitet hatte,",das Bild,in seinem Atelier.,2,0,1,1.8,1.6,2.2,2.78125,3.181818182,0.4664125774,0.5335874226,0.7462601239,1.17389233,1.920152454,1.5,1.7,4,174.64,5.16272671224169
Bleistift,23,A,"Flink spitzte der Zeichner, der die Karikatur entwarf,",den Bleistift,und machte sich wieder an die Arbeit.,0,1,1,5.333,4.65,6.7,2.384615385,5.153846154,0.3163265306,0.6836734694,1.470918367,4.580612245,6.051530612,6,3.3,9,2.02,0.703097511413113
Bleistift,23,B,"Flink spitzte der Zeichner, der den Atlas öffnete,",den Bleistift,und machte sich wieder an die Arbeit.,0,1,1,3.533,1.95,6.7,2.384615385,5.153846154,0.3163265306,0.6836734694,0.6168367347,4.580612245,5.19744898,2.3,1.6,9,2.02,0.703097511413113
Bleistift,23,C,"Flink knotete der Zeichner, der die Karikatur entwarf,",den Bleistift,und machte sich wieder an die Arbeit.,0,0,1,3.533,4.65,1.3,2.384615385,5.153846154,0.3163265306,0.6836734694,1.470918367,0.8887755102,2.359693878,6,3.3,9,2.02,0.703097511413113
Bleistift,23,D,"Flink knotete der Zeichner, der den Atlas öffnete,",den Bleistift,und machte sich wieder an die Arbeit.,0,0,1,1.733,1.95,1.3,2.384615385,5.153846154,0.3163265306,0.6836734694,0.6168367347,0.8887755102,1.505612245,2.3,1.6,9,2.02,0.703097511413113
Blumen,64,A,"Einen Moment lang gießt der Gärtner, der den Dünger verteilt hat,",die Blumen,im Blumenkasten.,0,0.58,1,6.333,6,7,3.529411765,4.117647059,0.4615384615,0.5384615385,2.769230769,3.769230769,6.538461538,6.2,5.8,6,15.34,2.73046379593911
Blumen,64,B,"Einen Moment lang gießt der Gärtner, der die Opernmusik angestellt hat,",die Blumen,im Blumenkasten.,0,0.5,1,3.467,1.7,7,3.529411765,4.117647059,0.4615384615,0.5384615385,0.7846153846,3.769230769,4.553846154,2,1.4,6,15.34,2.73046379593911
Blumen,64,C,"Einen Moment lang ölt der Gärtner, der den Dünger verteilt hat,",die Blumen,im Blumenkasten.,0,0,1,4.567,6,1.7,3.529411765,4.117647059,0.4615384615,0.5384615385,2.769230769,0.9153846154,3.684615385,6.2,5.8,6,15.34,2.73046379593911
Blumen,64,D,"Einen Moment lang ölt der Gärtner, der die Opernmusik angestellt hat,",die Blumen,im Blumenkasten.,0,0,1,1.7,1.7,1.7,3.529411765,4.117647059,0.4615384615,0.5384615385,0.7846153846,0.9153846154,1.7,2,1.4,6,15.34,2.73046379593911
Blutdruck,101,A,"Am Morgen misst der Arzthelfer, der das Messgerät hält,",den Blutdruck,und den Blutzucker.,3,0.58,1,5.033,4.2,6.7,2.153846154,4.785714286,0.3103721298,0.6896278702,1.303562945,4.62050673,5.924069675,6.8,1.6,9,5.85,1.76644166124377
Blutdruck,101,B,"Am Morgen misst der Arzthelfer, der den Bildschirm anstellt,",den Blutdruck,und den Blutzucker.,3,0.58,1,3.533,1.95,6.7,2.153846154,4.785714286,0.3103721298,0.6896278702,0.6052256532,4.62050673,5.225732383,2.3,1.6,9,5.85,1.76644166124377
Blutdruck,101,C,"Am Morgen kauft der Arzthelfer, der das Messgerät hält,",den Blutdruck,und den Blutzucker.,3,0,1,3.267,4.2,1.4,2.153846154,4.785714286,0.3103721298,0.6896278702,1.303562945,0.9654790182,2.269041964,6.8,1.6,9,5.85,1.76644166124377
Blutdruck,101,D,"Am Morgen kauft der Arzthelfer, der den Bildschirm anstellt,",den Blutdruck,und den Blutzucker.,3,0,1,1.767,1.95,1.4,2.153846154,4.785714286,0.3103721298,0.6896278702,0.6052256532,0.9654790182,1.570704671,2.3,1.6,9,5.85,1.76644166124377
Bogen,83,A,"Umsichtig spannt der Schütze, der den Pfeil gespitzt hat,",den Bogen,und feuert den Pfeil ab.,0,1,0,5.267,4.55,6.7,3.37037037,5.583333333,0.3764219235,0.6235780765,1.712719752,4.177973113,5.890692865,7,2.1,5,12.18,2.49979526228175
Bogen,83,B,"Umsichtig spannt der Schütze, der das Laub zusammengekehrt hat,",den Bogen,und feuert den Pfeil ab.,0,0.67,0,3.133,1.35,6.7,3.37037037,5.583333333,0.3764219235,0.6235780765,0.5081695967,4.177973113,4.686142709,1.5,1.2,5,12.18,2.49979526228175
Bogen,83,C,"Umsichtig tippt der Schütze, der den Pfeil gespitzt hat,",den Bogen,und feuert den Pfeil ab.,0,0.08,0,3.433,4.55,1.2,3.37037037,5.583333333,0.3764219235,0.6235780765,1.712719752,0.7482936918,2.461013444,7,2.1,5,12.18,2.49979526228175
Bogen,83,D,"Umsichtig tippt der Schütze, der das Laub zusammengekehrt hat,",den Bogen,und feuert den Pfeil ab.,0,0,0,1.3,1.35,1.2,3.37037037,5.583333333,0.3764219235,0.6235780765,0.5081695967,0.7482936918,1.256463289,1.5,1.2,5,12.18,2.49979526228175
Brief,33,A,"Hastig frankiert der Postbeamte, der das Postamt aufgeschlossen hat,",den Brief,an die Agentur.,0,0.92,1,4.9,4.05,6.6,1.557692308,3,0.3417721519,0.6582278481,1.384177215,4.344303797,5.728481013,6.8,1.3,5,58.72,4.07278038430626
Brief,33,B,"Hastig frankiert der Postbeamte, der das Mittagessen bestellt hat,",den Brief,an die Agentur.,0,1,1,3.933,2.6,6.6,1.557692308,3,0.3417721519,0.6582278481,0.8886075949,4.344303797,5.232911392,1.5,3.7,5,58.72,4.07278038430626
Brief,33,C,"Hastig umgeht der Postbeamte, der das Postamt aufgeschlossen hat,",den Brief,an die Agentur.,0,0,1,3.433,4.05,2.2,1.557692308,3,0.3417721519,0.6582278481,1.384177215,1.448101266,2.832278481,6.8,1.3,5,58.72,4.07278038430626
Brief,33,D,"Hastig umgeht der Postbeamte, der das Mittagessen bestellt hat,",den Brief,an die Agentur.,0,0,1,2.467,2.6,2.2,1.557692308,3,0.3417721519,0.6582278481,0.8886075949,1.448101266,2.336708861,1.5,3.7,5,58.72,4.07278038430626
Briefkasten,93,A,"Umgehend entleert der Postbote, der das Postauto geparkt hat,",den Briefkasten,und fährt weiter.,2,0.58,1,4.6,3.75,6.3,1.666666667,5.727272727,0.2254098361,0.7745901639,0.8452868852,4.879918033,5.725204918,6.2,1.3,11,3.24,1.17557332980424
Briefkasten,93,B,"Umgehend entleert der Postbote, der den Kugelschreiber verloren hat,",den Briefkasten,und fährt weiter.,2,0.58,1,3.6,2.25,6.3,1.666666667,5.727272727,0.2254098361,0.7745901639,0.5071721311,4.879918033,5.387090164,2.5,2,11,3.24,1.17557332980424
Briefkasten,93,C,"Umgehend verdrückt der Postbote, der das Postauto geparkt hat,",den Briefkasten,und fährt weiter.,2,0,1,2.867,3.75,1.1,1.666666667,5.727272727,0.2254098361,0.7745901639,0.8452868852,0.8520491803,1.697336066,6.2,1.3,11,3.24,1.17557332980424
Briefkasten,93,D,"Umgehend verdrückt der Postbote, der den Kugelschreiber verloren hat,",den Briefkasten,und fährt weiter.,2,0,1,1.867,2.25,1.1,1.666666667,5.727272727,0.2254098361,0.7745901639,0.5071721311,0.8520491803,1.359221311,2.5,2,11,3.24,1.17557332980424
Buch,26,A,"Am Nachmittag signiert der Autor, der die Geschichte erfunden hat,",das Buch,für den Fan.,1,1,1,5.567,5,6.7,3.03030303,5.153846154,0.3702648818,0.6297351182,1.851324409,4.219225292,6.070549701,6.7,3.3,4,181.33,5.20031857566594
Buch,26,B,"Am Nachmittag signiert der Autor, der den Vorhang zugezogen hat,",das Buch,für den Fan.,1,0.92,1,3.333,1.65,6.7,3.03030303,5.153846154,0.3702648818,0.6297351182,0.610937055,4.219225292,4.830162347,1.8,1.5,4,181.33,5.20031857566594
Buch,26,C,"Am Nachmittag schluckt der Autor, der die Geschichte erfunden hat,",das Buch,für den Fan.,1,0,1,3.767,5,1.3,3.03030303,5.153846154,0.3702648818,0.6297351182,1.851324409,0.8186556537,2.669980063,6.7,3.3,4,181.33,5.20031857566594
Buch,26,D,"Am Nachmittag schluckt der Autor, der den Vorhang zugezogen hat,",das Buch,für den Fan.,1,0,1,1.533,1.65,1.3,3.03030303,5.153846154,0.3702648818,0.6297351182,0.610937055,0.8186556537,1.429592709,1.8,1.5,4,181.33,5.20031857566594
Drehbuch,108,A,"Entspannt schrieb der Regisseur, der den Plot konstruiert hatte,",das Drehbuch,für die Serie.,2,0.33,0,5.667,5.5,6,4.583333333,5.454545455,0.4566037736,0.5433962264,2.511320755,3.260377358,5.771698113,6.6,4.4,8,7.84,2.05923883436232
Drehbuch,108,B,"Entspannt schrieb der Regisseur, der den Kamin angemacht hatte,",das Drehbuch,für die Serie.,2,0.75,0,2.8,1.2,6,4.583333333,5.454545455,0.4566037736,0.5433962264,0.5479245283,3.260377358,3.808301887,1.1,1.3,8,7.84,2.05923883436232
Drehbuch,108,C,"Entspannt verzehrte der Regisseur, der den Plot konstruiert hatte,",das Drehbuch,für die Serie.,2,0,0,4.033,5.5,1.1,4.583333333,5.454545455,0.4566037736,0.5433962264,2.511320755,0.5977358491,3.109056604,6.6,4.4,8,7.84,2.05923883436232
Drehbuch,108,D,"Entspannt verzehrte der Regisseur, der den Kamin angemacht hatte,",das Drehbuch,für die Serie.,2,0,0,1.167,1.2,1.1,4.583333333,5.454545455,0.4566037736,0.5433962264,0.5479245283,0.5977358491,1.145660377,1.1,1.3,8,7.84,2.05923883436232
Drogen,94,A,"Hektisch kauft der Junkie, der den Dealer angerufen hat,",die Drogen,für die nächste Woche.,0,0.5,1,4.567,4.5,4.7,2.093023256,4.272727273,0.3287944205,0.6712055795,1.479574892,3.154666224,4.634241116,6.8,2.2,6,23.38,3.15188095604392
Drogen,94,B,"Hektisch kauft der Junkie, der die Kapuze aufgezogen hat,",die Drogen,für die nächste Woche.,0,0.5,1,3,2.15,4.7,2.093023256,4.272727273,0.3287944205,0.6712055795,0.706908004,3.154666224,3.861574228,2.1,2.2,6,23.38,3.15188095604392
Drogen,94,C,"Hektisch näht der Junkie, der den Dealer angerufen hat,",die Drogen,für die nächste Woche.,0,0,1,3.367,4.5,1.1,2.093023256,4.272727273,0.3287944205,0.6712055795,1.479574892,0.7383261375,2.21790103,6.8,2.2,6,23.38,3.15188095604392
Drogen,94,D,"Hektisch näht der Junkie, der die Kapuze aufgezogen hat,",die Drogen,für die nächste Woche.,0,0.08,1,1.8,2.15,1.1,2.093023256,4.272727273,0.3287944205,0.6712055795,0.706908004,0.7383261375,1.445234141,2.1,2.2,6,23.38,3.15188095604392
Farbe,63,A,"Zufrieden mischte der Anstreicher, der die Pinsel gewaschen hatte,",die Farbe,für den nächsten Auftrag.,0,0.92,1,5.567,5.2,6.3,1.962264151,4.5,0.303649635,0.696350365,1.578978102,4.387007299,5.965985401,6.9,3.5,5,33.54,3.51273875639506
Farbe,63,B,"Zufrieden mischte der Anstreicher, der die Plätzchen gegessen hatte,",die Farbe,für den nächsten Auftrag.,0,1,1,3.867,2.65,6.3,1.962264151,4.5,0.303649635,0.696350365,0.8046715328,4.387007299,5.191678832,3.5,1.8,5,33.54,3.51273875639506
Farbe,63,C,"Zufrieden würzte der Anstreicher, der die Pinsel gewaschen hatte,",die Farbe,für den nächsten Auftrag.,0,0,1,3.933,5.2,1.4,1.962264151,4.5,0.303649635,0.696350365,1.578978102,0.9748905109,2.553868613,6.9,3.5,5,33.54,3.51273875639506
Farbe,63,D,"Zufrieden würzte der Anstreicher, der die Plätzchen gegessen hatte,",die Farbe,für den nächsten Auftrag.,0,0,1,2.233,2.65,1.4,1.962264151,4.5,0.303649635,0.696350365,0.8046715328,0.9748905109,1.779562044,3.5,1.8,5,33.54,3.51273875639506
Feld,66,A,"Früher beackerte der Landwirt, der den Traktor gestartet hatte,",das Feld,mit einem Gaul.,2,0.92,0,5.033,4.45,6.2,1.78,2.48,0.4178403756,0.5821596244,1.859389671,3.609389671,5.468779343,6.8,2.1,4,47.01,3.85036034503604
Feld,66,B,"Früher beackerte der Landwirt, der den Sonnenhut aufgesetzt hatte,",das Feld,mit einem Gaul.,2,0.67,0,3.733,2.5,6.2,1.78,2.48,0.4178403756,0.5821596244,1.044600939,3.609389671,4.65399061,3.9,1.1,4,47.01,3.85036034503604
Feld,66,C,"Früher kopierte der Landwirt, der den Traktor gestartet hatte,",das Feld,mit einem Gaul.,2,0,0,3.8,4.45,2.5,1.78,2.48,0.4178403756,0.5821596244,1.859389671,1.455399061,3.314788732,6.8,2.1,4,47.01,3.85036034503604
Feld,66,D,"Früher kopierte der Landwirt, der den Sonnenhut aufgesetzt hatte,",das Feld,mit einem Gaul.,2,0,0,2.5,2.5,2.5,1.78,2.48,0.4178403756,0.5821596244,1.044600939,1.455399061,2.5,3.9,1.1,4,47.01,3.85036034503604
Feuer,21,A,"Schnell entfacht der Brandstifter, der das Streichholz fallengelassen hat,",das Feuer,und rennt weg.,0,0.58,0,4.967,4.05,6.8,1.285714286,4.25,0.2322580645,0.7677419355,0.9406451613,5.220645161,6.161290323,6.6,1.5,5,41.53,3.72641605764266
Feuer,21,B,"Schnell entfacht der Brandstifter, der die Treppe hochgeklettert ist,",das Feuer,und rennt weg.,0,1,0,4.367,3.15,6.8,1.285714286,4.25,0.2322580645,0.7677419355,0.7316129032,5.220645161,5.952258065,3.3,3,5,41.53,3.72641605764266
Feuer,21,C,"Schnell entstaubt der Brandstifter, der das Streichholz fallengelassen hat,",das Feuer,und rennt weg.,0,0,0,3.233,4.05,1.6,1.285714286,4.25,0.2322580645,0.7677419355,0.9406451613,1.228387097,2.169032258,6.6,1.5,5,41.53,3.72641605764266
Feuer,21,D,"Schnell entstaubt der Brandstifter, der die Treppe hochgeklettert ist,",das Feuer,und rennt weg.,0,0,0,2.633,3.15,1.6,1.285714286,4.25,0.2322580645,0.7677419355,0.7316129032,1.228387097,1.96,3.3,3,5,41.53,3.72641605764266
Fisch,8,A,"Endlich fängt der Angler, der den Köder auswarf,",den Fisch,für das Abendessen.,1,0.83,1,6.267,5.95,6.9,3.71875,5.307692308,0.4119840213,0.5880159787,2.451304927,4.057310253,6.50861518,7,4.9,5,13.04,2.56802155649851
Fisch,8,B,"Endlich fängt der Angler, der die Zeitung las,",den Fisch,für das Abendessen.,1,0.83,1,3.367,1.6,6.9,3.71875,5.307692308,0.4119840213,0.5880159787,0.6591744341,4.057310253,4.716484687,2,1.2,5,13.04,2.56802155649851
Fisch,8,C,"Endlich baut der Angler, der den Köder auswarf,",den Fisch,für das Abendessen.,1,0,1,4.4,5.95,1.3,3.71875,5.307692308,0.4119840213,0.5880159787,2.451304927,0.7644207723,3.215725699,7,4.9,5,13.04,2.56802155649851
Fisch,8,D,"Endlich baut der Angler, der die Zeitung las,",den Fisch,für das Abendessen.,1,0,1,1.5,1.6,1.3,3.71875,5.307692308,0.4119840213,0.5880159787,0.6591744341,0.7644207723,1.423595206,2,1.2,5,13.04,2.56802155649851
Flugzeug,54,A,"Konzentriert steuerte der Pilot, der die Stewardess gerufen hatte,",das Flugzeug,durch die Wolken.,0,1,1,4.867,4.4,5.8,1.76,1.870967742,0.4847192608,0.5152807392,2.132764748,2.988628287,5.121393035,7,1.8,8,15.98,2.77133794033813
Flugzeug,54,B,"Konzentriert steuerte der Pilot, der den Krimi gelesen hatte,",das Flugzeug,durch die Wolken.,0,0.92,1,3.6,2.5,5.8,1.76,1.870967742,0.4847192608,0.5152807392,1.211798152,2.988628287,4.200426439,1.6,3.4,8,15.98,2.77133794033813
Flugzeug,54,C,"Konzentriert faltete der Pilot, der die Stewardess gerufen hatte,",das Flugzeug,durch die Wolken.,0,0,1,3.967,4.4,3.1,1.76,1.870967742,0.4847192608,0.5152807392,2.132764748,1.597370291,3.730135039,7,1.8,8,15.98,2.77133794033813
Flugzeug,54,D,"Konzentriert faltete der Pilot, der den Krimi gelesen hatte,",das Flugzeug,durch die Wolken.,0,0.08,1,2.7,2.5,3.1,1.76,1.870967742,0.4847192608,0.5152807392,1.211798152,1.597370291,2.809168443,1.6,3.4,8,15.98,2.77133794033813
Foto,58,A,"Sofort schoss der Reporter, der die Kamera bediente,",das Foto,von der Unfallstelle.,0,0.67,0,5.167,4.4,6.7,2.75,3.941176471,0.410989011,0.589010989,1.808351648,3.946373626,5.754725275,6.7,2.1,4,33.96,3.52518336144315
Foto,58,B,"Sofort schoss der Reporter, der die Zigarette rauchte,",das Foto,von der Unfallstelle.,0,0.5,0,3.3,1.6,6.7,2.75,3.941176471,0.410989011,0.589010989,0.6575824176,3.946373626,4.603956044,1.6,1.6,4,33.96,3.52518336144315
Foto,58,C,"Sofort verspeiste der Reporter, der die Kamera bediente,",das Foto,von der Unfallstelle.,0,0,0,3.5,4.4,1.7,2.75,3.941176471,0.410989011,0.589010989,1.808351648,1.001318681,2.80967033,6.7,2.1,4,33.96,3.52518336144315
Foto,58,D,"Sofort verspeiste der Reporter, der die Zigarette rauchte,",das Foto,von der Unfallstelle.,0,0,0,1.633,1.6,1.7,2.75,3.941176471,0.410989011,0.589010989,0.6575824176,1.001318681,1.658901099,1.6,1.6,4,33.96,3.52518336144315
Geschirr,41,A,"Gestern spülte der Tellerwäscher, bevor er den Tisch wischte,",das Geschirr,und die Brettchen.,0,0.5,1,6.1,5.7,6.9,4.75,6.272727273,0.4309278351,0.5690721649,2.45628866,3.926597938,6.382886598,6.7,4.7,8,2.49,0.912282710476616
Geschirr,41,B,"Gestern spülte der Tellerwäscher, bevor er das Taxi rief,",das Geschirr,und die Brettchen.,0,0.42,1,3.1,1.2,6.9,4.75,6.272727273,0.4309278351,0.5690721649,0.5171134021,3.926597938,4.44371134,1.2,1.2,8,2.49,0.912282710476616
Geschirr,41,C,"Gestern glättete der Tellerwäscher, bevor er den Tisch wischte,",das Geschirr,und die Brettchen.,0,0,1,4.167,5.7,1.1,4.75,6.272727273,0.4309278351,0.5690721649,2.45628866,0.6259793814,3.082268041,6.7,4.7,8,2.49,0.912282710476616
Geschirr,41,D,"Gestern glättete der Tellerwäscher, bevor er das Taxi rief,",das Geschirr,und die Brettchen.,0,0,1,1.167,1.2,1.1,4.75,6.272727273,0.4309278351,0.5690721649,0.5171134021,0.6259793814,1.143092784,1.2,1.2,8,2.49,0.912282710476616
Gewehr,70,A,"Vorsichtig lädt der Jäger, der die Munition verschossen hat,",das Gewehr,und zielt erneut.,0,0.42,1,6.167,6.25,6,4.62962963,4.615384615,0.500770416,0.499229584,3.1298151,2.995377504,6.125192604,6.4,6.1,6,5.28,1.66392609771817
Gewehr,70,B,"Vorsichtig lädt der Jäger, der den Campingplatz verlassen hat,",das Gewehr,und zielt erneut.,0,0.5,1,2.9,1.35,6,4.62962963,4.615384615,0.500770416,0.499229584,0.6760400616,2.995377504,3.671417565,1.4,1.3,6,5.28,1.66392609771817
Gewehr,70,C,"Vorsichtig schneidet der Jäger, der die Munition verschossen hat,",das Gewehr,und zielt erneut.,0,0,1,4.6,6.25,1.3,4.62962963,4.615384615,0.500770416,0.499229584,3.1298151,0.6489984592,3.778813559,6.4,6.1,6,5.28,1.66392609771817
Gewehr,70,D,"Vorsichtig schneidet der Jäger, der den Campingplatz verlassen hat,",das Gewehr,und zielt erneut.,0,0,1,1.333,1.35,1.3,4.62962963,4.615384615,0.500770416,0.499229584,0.6760400616,0.6489984592,1.325038521,1.4,1.3,6,5.28,1.66392609771817
Glocken,15,A,"Gestern läutete der Priester, nachdem er den Kirchturm erklommen hatte,",die Glocken,und freute sich.,0,1,1,4.933,3.9,7,2.363636364,7,0.2524271845,0.7475728155,0.9844660194,5.233009709,6.217475728,6.7,1.1,7,3.47,1.24415459395877
Glocken,15,B,"Gestern läutete der Priester, nachdem er die Armbanduhr ausgezogen hatte,",die Glocken,und freute sich.,0,0.92,1,3.433,1.65,7,2.363636364,7,0.2524271845,0.7475728155,0.4165048544,5.233009709,5.649514563,2.2,1.1,7,3.47,1.24415459395877
Glocken,15,C,"Gestern faltete der Priester, nachdem er den Kirchturm erklommen hatte,",die Glocken,und freute sich.,0,0,1,2.933,3.9,1,2.363636364,7,0.2524271845,0.7475728155,0.9844660194,0.7475728155,1.732038835,6.7,1.1,7,3.47,1.24415459395877
Glocken,15,D,"Gestern faltete der Priester, nachdem er die Armbanduhr ausgezogen hatte,",die Glocken,und freute sich.,0,0,1,1.433,1.65,1,2.363636364,7,0.2524271845,0.7475728155,0.4165048544,0.7475728155,1.16407767,2.2,1.1,7,3.47,1.24415459395877
Gläser,80,A,"Direkt entspiegelt der Optiker, nachdem er den Sehtest durchgeführt hat,",die Gläser,und spricht mit dem Kollegen.,0,0.67,1,4.133,3.3,5.8,1.015384615,1.348837209,0.4294794189,0.5705205811,1.417282082,3.30901937,4.726301453,5.2,1.4,6,4.39,1.47932922708708
Gläser,80,B,"Direkt entspiegelt der Optiker, nachdem er die Jahresabrechnung aufgestellt hat,",die Gläser,und spricht mit dem Kollegen.,0,0.67,1,4.1,3.25,5.8,1.015384615,1.348837209,0.4294794189,0.5705205811,1.395808111,3.30901937,4.704827482,1.5,5,6,4.39,1.47932922708708
Gläser,80,C,"Direkt verschließt der Optiker, nachdem er den Sehtest durchgeführt hat,",die Gläser,und spricht mit dem Kollegen.,0,0,1,3.633,3.3,4.3,1.015384615,1.348837209,0.4294794189,0.5705205811,1.417282082,2.453238499,3.870520581,5.2,1.4,6,4.39,1.47932922708708
Gläser,80,D,"Direkt verschließt der Optiker, nachdem er die Jahresabrechnung aufgestellt hat,",die Gläser,und spricht mit dem Kollegen.,0,0,1,3.6,3.25,4.3,1.015384615,1.348837209,0.4294794189,0.5705205811,1.395808111,2.453238499,3.84904661,1.5,5,6,4.39,1.47932922708708
Gäste,27,A,"Sofort begrüßte der Hotelier, der die Koffer stapelte,",die Gäste,und überreichte ihnen die Schlüssel.,2,1,1,4.2,3.05,6.5,2.033333333,3.421052632,0.372788678,0.627211322,1.137005468,4.076873593,5.213879061,4.7,1.4,5,40.66,3.7052448082002
Gäste,27,B,"Sofort begrüßte der Hotelier, der die Fische räucherte,",die Gäste,und überreichte ihnen die Schlüssel.,2,0.92,1,3.167,1.5,6.5,2.033333333,3.421052632,0.372788678,0.627211322,0.559183017,4.076873593,4.63605661,1.4,1.6,5,40.66,3.7052448082002
Gäste,27,C,"Sofort feuerte der Hotelier, der die Koffer stapelte,",die Gäste,und überreichte ihnen die Schlüssel.,2,0,1,2.667,3.05,1.9,2.033333333,3.421052632,0.372788678,0.627211322,1.137005468,1.191701512,2.32870698,4.7,1.4,5,40.66,3.7052448082002
Gäste,27,D,"Sofort feuerte der Hotelier, der die Fische räucherte,",die Gäste,und überreichte ihnen die Schlüssel.,2,0,1,1.633,1.5,1.9,2.033333333,3.421052632,0.372788678,0.627211322,0.559183017,1.191701512,1.750884529,1.4,1.6,5,40.66,3.7052448082002
Haare,22,A,"Nun kämmt der Friseur, nachdem er die Kopfhaut massiert hat,",die Haare,und holt den Föhn.,0,0.92,1,5.733,5.2,6.8,5.2,5.666666667,0.4785276074,0.5214723926,2.488343558,3.54601227,6.034355828,6.5,3.9,5,20.74,3.03206420280138
Haare,22,B,"Nun kämmt der Friseur, nachdem er den Cappuccino ausgetrunken hat,",die Haare,und holt den Föhn.,0,1,1,2.933,1,6.8,5.2,5.666666667,0.4785276074,0.5214723926,0.4785276074,3.54601227,4.024539877,1,1,5,20.74,3.03206420280138
Haare,22,C,"Nun speichert der Friseur, nachdem er die Kopfhaut massiert hat,",die Haare,und holt den Föhn.,0,0.17,1,3.867,5.2,1.2,5.2,5.666666667,0.4785276074,0.5214723926,2.488343558,0.6257668712,3.114110429,6.5,3.9,5,20.74,3.03206420280138
Haare,22,D,"Nun speichert der Friseur, nachdem er den Cappuccino ausgetrunken hat,",die Haare,und holt den Föhn.,0,0,1,1.067,1,1.2,5.2,5.666666667,0.4785276074,0.5214723926,0.4785276074,0.6257668712,1.104294479,1,1,5,20.74,3.03206420280138
Hammer,37,A,"Direkt schwingt der Schmied, der den Amboss aufgestellt hat,",den Hammer,auf das Metall.,0,1,0,4.667,4.2,5.6,1.253731343,4.666666667,0.2117647059,0.7882352941,0.8894117647,4.414117647,5.303529412,6.5,1.9,6,8.8,2.17475172148416
Hammer,37,B,"Direkt schwingt der Schmied, der den Stuhl weggestellt hat,",den Hammer,auf das Metall.,0,0.83,0,4.1,3.35,5.6,1.253731343,4.666666667,0.2117647059,0.7882352941,0.7094117647,4.414117647,5.123529412,2.9,3.8,6,8.8,2.17475172148416
Hammer,37,C,"Direkt speichert der Schmied, der den Amboss aufgestellt hat,",den Hammer,auf das Metall.,0,0,0,3.2,4.2,1.2,1.253731343,4.666666667,0.2117647059,0.7882352941,0.8894117647,0.9458823529,1.835294118,6.5,1.9,6,8.8,2.17475172148416
Hammer,37,D,"Direkt speichert der Schmied, der den Stuhl weggestellt hat,",den Hammer,auf das Metall.,0,0,0,2.633,3.35,1.2,1.253731343,4.666666667,0.2117647059,0.7882352941,0.7094117647,0.9458823529,1.655294118,2.9,3.8,6,8.8,2.17475172148416
Hemd,17,A,"Eilig bügelt der Geschäftsmann, nachdem er das Bügelbrett aufgestellt hat,",das Hemd,und die Hose.,0,0.75,1,4.933,3.95,6.9,3.038461538,6.9,0.3057275542,0.6942724458,1.207623839,4.790479876,5.998103715,6.4,1.5,4,6.07,1.80335860507141
Hemd,17,B,"Eilig bügelt der Geschäftsmann, nachdem er den Eistee ausgetrunken hat,",das Hemd,und die Hose.,0,0.67,1,3.167,1.3,6.9,3.038461538,6.9,0.3057275542,0.6942724458,0.3974458204,4.790479876,5.187925697,1.4,1.2,4,6.07,1.80335860507141
Hemd,17,C,"Eilig salzt der Geschäftsmann, nachdem er das Bügelbrett aufgestellt hat,",das Hemd,und die Hose.,0,0,1,2.967,3.95,1,3.038461538,6.9,0.3057275542,0.6942724458,1.207623839,0.6942724458,1.901896285,6.4,1.5,4,6.07,1.80335860507141
Hemd,17,D,"Eilig salzt der Geschäftsmann, nachdem er den Eistee ausgetrunken hat,",das Hemd,und die Hose.,0,0,1,1.2,1.3,1,3.038461538,6.9,0.3057275542,0.6942724458,0.3974458204,0.6942724458,1.091718266,1.4,1.2,4,6.07,1.80335860507141
Honig,69,A,"Sorgfältig erntet der Imker, nachdem er den Bienenstock erreicht hat,",den Honig,aus den Waben.,0,1,1,4.467,3.95,5.5,2.025641026,4.583333333,0.3064985451,0.6935014549,1.210669253,3.814258002,5.024927255,6.9,1,5,4.06,1.40118297361364
Honig,69,B,"Sorgfältig erntet der Imker, nachdem er das Haus verlassen hat,",den Honig,aus den Waben.,0,0.92,1,3.133,1.95,5.5,2.025641026,4.583333333,0.3064985451,0.6935014549,0.5976721629,3.814258002,4.411930165,2.8,1.1,5,4.06,1.40118297361364
Honig,69,C,"Sorgfältig näht der Imker, nachdem er den Bienenstock erreicht hat,",den Honig,aus den Waben.,0,0,1,3.033,3.95,1.2,2.025641026,4.583333333,0.3064985451,0.6935014549,1.210669253,0.8322017459,2.042870999,6.9,1,5,4.06,1.40118297361364
Honig,69,D,"Sorgfältig näht der Imker, nachdem er das Haus verlassen hat,",den Honig,aus den Waben.,0,0,1,1.7,1.95,1.2,2.025641026,4.583333333,0.3064985451,0.6935014549,0.5976721629,0.8322017459,1.429873909,2.8,1.1,5,4.06,1.40118297361364
Kaffee,3,A,"Sogleich süßt der Kellner, nachdem er die Bestellung aufgenommen hat,",den Kaffee,und gießt die Milch dazu.,0,0.58,0,4.633,4.05,5.8,1.157142857,1.933333333,0.374422188,0.625577812,1.516409861,3.62835131,5.144761171,5.8,2.3,6,23.52,3.15785112303043
Kaffee,3,B,"Sogleich süßt der Kellner, nachdem er das Radio angemacht hat,",den Kaffee,und gießt die Milch dazu.,0,0.25,0,4.267,3.5,5.8,1.157142857,1.933333333,0.374422188,0.625577812,1.310477658,3.62835131,4.938828968,3.5,3.5,6,23.52,3.15785112303043
Kaffee,3,C,"Sogleich putzt der Kellner, nachdem er die Bestellung aufgenommen hat,",den Kaffee,und gießt die Milch dazu.,0,0,0,3.7,4.05,3,1.157142857,1.933333333,0.374422188,0.625577812,1.516409861,1.876733436,3.393143297,5.8,2.3,6,23.52,3.15785112303043
Kaffee,3,D,"Sogleich putzt der Kellner, nachdem er das Radio angemacht hat,",den Kaffee,und gießt die Milch dazu.,0,0,0,3.333,3.5,3,1.157142857,1.933333333,0.374422188,0.625577812,1.310477658,1.876733436,3.187211094,3.5,3.5,6,23.52,3.15785112303043
Kamin,56,A,"Geschwind kehrt der Schornsteinfeger, der den Rauch einatmet,",den Kamin,und verlässt das Grundstück.,1,0.42,0,5.4,4.9,6.4,2.279069767,5.818181818,0.281462141,0.718537859,1.379164491,4.598642298,5.977806789,6.8,3,5,3.27,1.18478998490916
Kamin,56,B,"Geschwind kehrt der Schornsteinfeger, der die Katze verscheucht,",den Kamin,und verlässt das Grundstück.,1,0.17,0,3.567,2.15,6.4,2.279069767,5.818181818,0.281462141,0.718537859,0.6051436031,4.598642298,5.203785901,3,1.3,5,3.27,1.18478998490916
Kamin,56,C,"Geschwind wirft der Schornsteinfeger, der den Rauch einatmet,",den Kamin,und verlässt das Grundstück.,1,0,0,3.633,4.9,1.1,2.279069767,5.818181818,0.281462141,0.718537859,1.379164491,0.7903916449,2.169556136,6.8,3,5,3.27,1.18478998490916
Kamin,56,D,"Geschwind wirft der Schornsteinfeger, der die Katze verscheucht,",den Kamin,und verlässt das Grundstück.,1,0.08,0,1.8,2.15,1.1,2.279069767,5.818181818,0.281462141,0.718537859,0.6051436031,0.7903916449,1.395535248,3,1.3,5,3.27,1.18478998490916
Kette,32,A,"Gestern ölte der Fahrradfahrer, bevor er die Bremse einstellte,",die Kette,und die Bremsen.,0,0.83,0,4.567,3.45,6.8,3,4.857142857,0.3818181818,0.6181818182,1.317272727,4.203636364,5.520909091,4.9,2,5,12.31,2.51041194019636
Kette,32,B,"Gestern ölte der Fahrradfahrer, bevor er die Limonade trank,",die Kette,und die Bremsen.,0,0.58,0,3.033,1.15,6.8,3,4.857142857,0.3818181818,0.6181818182,0.4390909091,4.203636364,4.642727273,1.2,1.1,5,12.31,2.51041194019636
Kette,32,C,"Gestern beheizte der Fahrradfahrer, bevor er die Bremse einstellte,",die Kette,und die Bremsen.,0,0,0,2.767,3.45,1.4,3,4.857142857,0.3818181818,0.6181818182,1.317272727,0.8654545455,2.182727273,4.9,2,5,12.31,2.51041194019636
Kette,32,D,"Gestern beheizte der Fahrradfahrer, bevor die Limonade trank,",die Kette,und die Bremsen.,0,0,0,1.233,1.15,1.4,3,4.857142857,0.3818181818,0.6181818182,0.4390909091,0.8654545455,1.304545455,1.2,1.1,5,12.31,2.51041194019636
Klassenzimmer,10,A,"Eine Weile lüftet der Lehrer, bevor er die Tafel beschreibt,",das Klassenzimmer,und nimmt ein Stück Kreide.,1,0.75,1,5.333,5.25,5.5,2.333333333,1.170212766,0.6659919028,0.3340080972,3.49645749,1.837044534,5.333502024,6.8,3.7,13,3.15,1.14740245283754
Klassenzimmer,10,B,"Eine Weile lüftet der Lehrer, bevor er den Mantel aufhängt,",das Klassenzimmer,und nimmt ein Stück Kreide.,1,0.75,1,3.333,2.25,5.5,2.333333333,1.170212766,0.6659919028,0.3340080972,1.498481781,1.837044534,3.335526316,1.9,2.6,13,3.15,1.14740245283754
Klassenzimmer,10,C,"Eine Weile bastelt der Lehrer, bevor er die Tafel beschreibt,",das Klassenzimmer,und nimmt ein Stück Kreide.,1,0,1,5.067,5.25,4.7,2.333333333,1.170212766,0.6659919028,0.3340080972,3.49645749,1.569838057,5.066295547,6.8,3.7,13,3.15,1.14740245283754
Klassenzimmer,10,D,"Eine Weile bastelt der Lehrer, bevor er den Mantel aufhängt,",das Klassenzimmer,und nimmt ein Stück Kreide.,1,0,1,3.067,2.25,4.7,2.333333333,1.170212766,0.6659919028,0.3340080972,1.498481781,1.569838057,3.068319838,1.9,2.6,13,3.15,1.14740245283754
Koffer,68,A,"Schnell packte der Urlauber, als er die Klamotten gefaltet hatte,",den Koffer,für die Kreuzfahrt.,1,0.83,0,5.667,5.05,6.9,3.258064516,5.75,0.3616830797,0.6383169203,1.826499552,4.40438675,6.230886303,6.6,3.5,6,8.41,2.12942147398486
Koffer,68,B,"Schnell packte der Urlauber, als er die Gardinen aufgezogen hatte,",den Koffer,für die Kreuzfahrt.,1,0.5,0,3.333,1.55,6.9,3.258064516,5.75,0.3616830797,0.6383169203,0.5606087735,4.40438675,4.964995524,1.2,1.9,6,8.41,2.12942147398486
Koffer,68,C,"Schnell rührte der Urlauber, als er die Klamotten gefaltet hatte,",den Koffer,für die Kreuzfahrt.,1,0,0,3.767,5.05,1.2,3.258064516,5.75,0.3616830797,0.6383169203,1.826499552,0.7659803044,2.592479857,6.6,3.5,6,8.41,2.12942147398486
Koffer,68,D,"Schnell rührte der Urlauber, als er die Gardinen aufgezogen hatte,",den Koffer,für die Kreuzfahrt.,1,0,0,1.433,1.55,1.2,3.258064516,5.75,0.3616830797,0.6383169203,0.5606087735,0.7659803044,1.326589078,1.2,1.9,6,8.41,2.12942147398486
Korb,81,A,"Auf der Stelle wirft der Basketballer, der den Ball gedribbelt hat,",den Korb,und holt einen Punkt.,0,0.83,0,5.2,5.4,4.8,2.29787234,2.666666667,0.4628571429,0.5371428571,2.499428571,2.578285714,5.077714286,6,4.8,4,5.08,1.62531126159039
Korb,81,B,"Auf der Stelle wirft der Basketballer, der die Sitzbank verlassen hat,",den Korb,und holt einen Punkt.,0,0.5,0,3.167,2.35,4.8,2.29787234,2.666666667,0.4628571429,0.5371428571,1.087714286,2.578285714,3.666,2.9,1.8,4,5.08,1.62531126159039
Korb,81,C,"Auf der Stelle bucht der Basketballer, der den Ball gedribbelt hat,",den Korb,und holt einen Punkt.,0,0,0,4.2,5.4,1.8,2.29787234,2.666666667,0.4628571429,0.5371428571,2.499428571,0.9668571429,3.466285714,6,4.8,4,5.08,1.62531126159039
Korb,81,D,"Auf der Stelle bucht der Basketballer, der die Sitzbank verlassen hat,",den Korb,und holt einen Punkt.,0,0,0,2.167,2.35,1.8,2.29787234,2.666666667,0.4628571429,0.5371428571,1.087714286,0.9668571429,2.054571429,2.9,1.8,4,5.08,1.62531126159039
Kuchen,31,A,"Umsichtig glasiert der Konditor, der die Backform eingefettet hat,",den Kuchen,für die Geburtstagsfeier.,1,0.92,0,6.033,6.1,5.9,1.742857143,4.916666667,0.2617089739,0.7382910261,1.596424741,4.355917054,5.952341795,6.9,5.3,6,8.26,2.11142458753289
Kuchen,31,B,"Umsichtig glasiert der Konditor, der den Tisch abgewischt hat,",den Kuchen,für die Geburtstagsfeier.,1,0.42,0,4.3,3.5,5.9,1.742857143,4.916666667,0.2617089739,0.7382910261,0.9159814087,4.355917054,5.271898463,5.4,1.6,6,8.26,2.11142458753289
Kuchen,31,C,"Umsichtig durchsucht der Konditor, der die Backform eingefettet hat,",den Kuchen,für die Geburtstagsfeier.,1,0,0,4.467,6.1,1.2,1.742857143,4.916666667,0.2617089739,0.7382910261,1.596424741,0.8859492313,2.482373972,6.9,5.3,6,8.26,2.11142458753289
Kuchen,31,D,"Umsichtig durchsucht der Konditor, der den Tisch abgewischt hat,",den Kuchen,für die Geburtstagsfeier.,1,0,0,2.733,3.5,1.2,1.742857143,4.916666667,0.2617089739,0.7382910261,0.9159814087,0.8859492313,1.80193064,5.4,1.6,6,8.26,2.11142458753289
Kuh,73,A,"Vorsichtig melkte der Viehzüchter, nachdem er den Stall ausgemistet hatte,",die Kuh,und brachte ihr frisches Heu.,0,1,0,6.1,5.75,6.8,2.804878049,4.857142857,0.3660754889,0.6339245111,2.104934061,4.310686676,6.415620737,7,4.5,3,6.85,1.92424865227413
Kuh,73,B,"Vorsichtig melkte der Viehzüchter, nachdem er das Gemüse sortiert hatte,",die Kuh,und brachte ihr frisches Heu.,0,0.75,0,3.633,2.05,6.8,2.804878049,4.857142857,0.3660754889,0.6339245111,0.7504547522,4.310686676,5.061141428,3.1,1,3,6.85,1.92424865227413
Kuh,73,C,"Vorsichtig kleidete der Viehzüchter, nachdem er den Stall ausgemistet hatte,",die Kuh,und brachte ihr frisches Heu.,0,0,0,4.3,5.75,1.4,2.804878049,4.857142857,0.3660754889,0.6339245111,2.104934061,0.8874943156,2.992428377,7,4.5,3,6.85,1.92424865227413
Kuh,73,D,"Vorsichtig kleidete der Viehzüchter, nachdem er das Gemüse sortiert hatte,",die Kuh,und brachte ihr frisches Heu.,0,0.08,0,1.833,2.05,1.4,2.804878049,4.857142857,0.3660754889,0.6339245111,0.7504547522,0.8874943156,1.637949068,3.1,1,3,6.85,1.92424865227413
Käse,11,A,"Schnell reibt der Chefkoch, während er die Nudeln kocht,",den Käse,und gibt Öl in die Pfanne.,0,0.5,1,5.4,4.9,6.4,3.379310345,5.818181818,0.3674164963,0.6325835037,1.800340832,4.048534424,5.848875256,5.2,4.6,4,7.03,1.95018670582257
Käse,11,B,"Schnell reibt der Chefkoch, während er die Nachrichten hört,",den Käse,und gibt Öl in die Pfanne.,0,0.58,1,3.1,1.45,6.4,3.379310345,5.818181818,0.3674164963,0.6325835037,0.5327539196,4.048534424,4.581288344,1.7,1.2,4,7.03,1.95018670582257
Käse,11,C,"Schnell flickt der Chefkoch, während er die Nudeln kocht,",den Käse,und gibt Öl in die Pfanne.,0,0,1,3.633,4.9,1.1,3.379310345,5.818181818,0.3674164963,0.6325835037,1.800340832,0.6958418541,2.496182686,5.2,4.6,4,7.03,1.95018670582257
Käse,11,D,"Schnell flickt der Chefkoch, während er die Nachrichten hört,",den Käse,und gibt Öl in die Pfanne.,0,0,1,1.333,1.45,1.1,3.379310345,5.818181818,0.3674164963,0.6325835037,0.5327539196,0.6958418541,1.228595774,1.7,1.2,4,7.03,1.95018670582257
Land,38,A,"Vor langer Zeit regierte der König, der die Reise unternahm,",das Land,im Norden.,1,0.33,0,5.367,4.55,7,1.857142857,5.833333333,0.2414860681,0.7585139319,1.09876161,5.309597523,6.408359133,6.6,2.5,4,241.32,5.48612385357256
Land,38,B,"Vor langer Zeit regierte der König, der den Gesang vernahm,",das Land,im Norden.,1,0.5,0,3.967,2.45,7,1.857142857,5.833333333,0.2414860681,0.7585139319,0.5916408669,5.309597523,5.90123839,2.4,2.5,4,241.32,5.48612385357256
Land,38,C,"Vor langer Zeit briet der König, der die Reise unternahm,",das Land,im Norden.,1,0,0,3.433,4.55,1.2,1.857142857,5.833333333,0.2414860681,0.7585139319,1.09876161,0.9102167183,2.008978328,6.6,2.5,4,241.32,5.48612385357256
Land,38,D,"Vor langer Zeit briet der König, der den Gesang vernahm,",das Land,im Norden.,1,0,0,2.033,2.45,1.2,1.857142857,5.833333333,0.2414860681,0.7585139319,0.5916408669,0.9102167183,1.501857585,2.4,2.5,4,241.32,5.48612385357256
Leiche,25,A,"Unverzüglich obduziert der Pathologe, nachdem er die Mordakte gelesen hat,",die Leiche,in der Leichenhalle.,0,0.75,1,5.033,4.05,7,2.131578947,5.833333333,0.2676211454,0.7323788546,1.083865639,5.126651982,6.210517621,6.6,1.5,6,8.51,2.14124194258528
Leiche,25,B,"Unverzüglich obduziert der Pathologe, nachdem er das Dokument unterschrieben hat,",die Leiche,in der Leichenhalle.,0,0.75,1,3.6,1.9,7,2.131578947,5.833333333,0.2676211454,0.7323788546,0.5084801762,5.126651982,5.635132159,2.6,1.2,6,8.51,2.14124194258528
Leiche,25,C,"Unverzüglich pfeffert der Pathologe, nachdem er die Mordakte gelesen hat,",die Leiche,in der Leichenhalle.,0,0,1,3.1,4.05,1.2,2.131578947,5.833333333,0.2676211454,0.7323788546,1.083865639,0.8788546256,1.962720264,6.6,1.5,6,8.51,2.14124194258528
Leiche,25,D,"Unverzüglich pfeffert der Pathologe, nachdem er das Dokument unterschrieben hat,",die Leiche,in der Leichenhalle.,0,0,1,1.667,1.9,1.2,2.131578947,5.833333333,0.2676211454,0.7323788546,0.5084801762,0.8788546256,1.387334802,2.6,1.2,6,8.51,2.14124194258528
Leitung,78,A,"Am Mittag verlegte der Elektriker, nachdem er den Strom abgeschaltet hatte,",die Leitung,im Gebäude.,0,0.5,1,5.833,5.65,6.2,2.017857143,4.133333333,0.328043352,0.671956648,1.853444939,4.166131217,6.019576156,6.8,4.5,7,40.1,3.69137633431252
Leitung,78,B,"Am Mittag verlegte der Elektriker, nachdem er den Anwohner informiert hatte,",die Leitung,im Gebäude.,0,0.41,1,3.933,2.8,6.2,2.017857143,4.133333333,0.328043352,0.671956648,0.9185213857,4.166131217,5.084652603,2.2,3.4,7,40.1,3.69137633431252
Leitung,78,C,"Am Mittag verfasste der Elektriker, nachdem er den Strom abgeschaltet hatte,",die Leitung,im Gebäude.,0,0,1,4.267,5.65,1.5,2.017857143,4.133333333,0.328043352,0.671956648,1.853444939,1.007934972,2.861379911,6.8,4.5,7,40.1,3.69137633431252
Leitung,78,D,"Am Mittag verfasste der Elektriker, nachdem er den Anwohner informiert hatte,",die Leitung,im Gebäude.,0,0,1,2.367,2.8,1.5,2.017857143,4.133333333,0.328043352,0.671956648,0.9185213857,1.007934972,1.926456358,2.2,3.4,7,40.1,3.69137633431252
Lied,62,A,"Konzentriert sang der Sänger, der das Mikrofon umklammerte,",das Lied,über die Vergangenheit.,1,0.58,1,4.867,3.8,7,2.235294118,6.363636364,0.2599502488,0.7400497512,0.9878109453,5.180348259,6.168159204,6.3,1.3,4,23.13,3.14113047624335
Lied,62,B,"Konzentriert sang der Sänger, der den Hut abnahm,",das Lied,über die Vergangenheit.,1,0.58,1,3.467,1.7,7,2.235294118,6.363636364,0.2599502488,0.7400497512,0.4419154229,5.180348259,5.622263682,1.9,1.5,4,23.13,3.14113047624335
Lied,62,C,"Konzentriert reparierte der Sänger, der das Mikrofon umklammerte,",das Lied,über die Vergangenheit.,1,0,1,2.9,3.8,1.1,2.235294118,6.363636364,0.2599502488,0.7400497512,0.9878109453,0.8140547264,1.801865672,6.3,1.3,4,23.13,3.14113047624335
Lied,62,D,"Konzentriert reparierte der Sänger, der den Hut abnahm,",das Lied,über die Vergangenheit.,1,0,1,1.5,1.7,1.1,2.235294118,6.363636364,0.2599502488,0.7400497512,0.4419154229,0.8140547264,1.255970149,1.9,1.5,4,23.13,3.14113047624335
Loch,100,A,"Gestern bohrte der Handwerker, der die Bohrmaschine hielt,",das Loch,in die Decke.,0,1,0,5.133,4.25,6.9,2.741935484,1.769230769,0.6078107811,0.3921892189,2.58319582,2.706105611,5.28930143,6.5,2,4,16.68,2.8142103969306
Loch,100,B,"Gestern bohrte der Handwerker, der das Kaugummi kaute,",das Loch,in die Decke.,0,0.75,0,3.333,1.55,6.9,2.741935484,1.769230769,0.6078107811,0.3921892189,0.9421067107,2.706105611,3.648212321,1.4,1.7,4,16.68,2.8142103969306
Loch,100,C,"Gestern warf der Handwerker, der die Bohrmaschine hielt,",das Loch,in die Decke.,0,0,0,4.133,4.25,3.9,2.741935484,1.769230769,0.6078107811,0.3921892189,2.58319582,1.529537954,4.112733773,6.5,2,4,16.68,2.8142103969306
Loch,100,D,"Gestern warf der Handwerker, der das Kaugummi kaute,",das Loch,in die Decke.,0,0,0,2.333,1.55,3.9,2.741935484,1.769230769,0.6078107811,0.3921892189,0.9421067107,1.529537954,2.471644664,1.4,1.7,4,16.68,2.8142103969306
Mehl,72,A,"Vorgestern mahlte der Müller, der die Mühle betrieb,",das Mehl,aus dem Korn.,2,0.67,0,4.733,4.15,5.9,3.952380952,2.458333333,0.6165273909,0.3834726091,2.558588672,2.262488394,4.821077066,6.9,1.4,4,2.78,1.02245092770255
Mehl,72,B,"Vorgestern mahlte der Müller, der das Lied pfiff,",das Mehl,aus dem Korn.,2,0.5,0,2.667,1.05,5.9,3.952380952,2.458333333,0.6165273909,0.3834726091,0.6473537604,2.262488394,2.909842154,1,1.1,4,2.78,1.02245092770255
Mehl,72,C,"Vorgestern verzierte der Müller, der die Mühle betrieb,",das Mehl,aus dem Korn.,2,0,0,3.567,4.15,2.4,3.952380952,2.458333333,0.6165273909,0.3834726091,2.558588672,0.9203342618,3.478922934,6.9,1.4,4,2.78,1.02245092770255
Mehl,72,D,"Vorgestern verzierte der Müller, der das Lied pfiff,",das Mehl,aus dem Korn.,2,0.17,0,1.5,1.05,2.4,3.952380952,2.458333333,0.6165273909,0.3834726091,0.6473537604,0.9203342618,1.567688022,1,1.1,4,2.78,1.02245092770255
Messer,2,A,"Nachdenklich schärft der Barbier, nachdem er den Rasierschaum aufgetragen hat,",das Messer,und rasiert den Kunden.,0,0.67,1,5.5,5.05,6.4,3.884615385,4.571428571,0.4593892138,0.5406107862,2.31991553,3.459909032,5.779824561,5,5.1,6,13.61,2.61080481666337
Messer,2,B,"Nachdenklich schärft der Barbier, nachdem er die Topfpflanze gegossen hat,",das Messer,und rasiert den Kunden.,0,0.75,1,3,1.3,6.4,3.884615385,4.571428571,0.4593892138,0.5406107862,0.5972059779,3.459909032,4.05711501,1.2,1.4,6,13.61,2.61080481666337
Messer,2,C,"Nachdenklich trinkt der Barbier, nachdem er den Rasierschaum aufgetragen hat,",das Messer,und rasiert den Kunden.,0,0,1,3.833,5.05,1.4,3.884615385,4.571428571,0.4593892138,0.5406107862,2.31991553,0.7568551007,3.07677063,5,5.1,6,13.61,2.61080481666337
Messer,2,D,"Nachdenklich trinkt der Barbier, nachdem er die Topfpflanze gegossen hat,",das Messer,und rasiert den Kunden.,0,0,1,1.333,1.3,1.4,3.884615385,4.571428571,0.4593892138,0.5406107862,0.5972059779,0.7568551007,1.354061079,1.2,1.4,6,13.61,2.61080481666337
Nägel,113,A,"Neulich feilte die Kosmetikerin, während sie die Maniküre durchführte,",die Nägel,und lackierte sie.,0,0.75,0,5.133,4.3,6.8,3.739130435,1.236363636,0.751509374,0.248490626,3.231490308,1.689736257,4.921226565,6.9,1.7,5,2.34,0.85015092936961
Nägel,113,B,"Neulich feilte die Kosmetikerin, während sie das Gespräch belauschte,",die Nägel,und lackierte sie.,0,1,0,3.033,1.15,6.8,3.739130435,1.236363636,0.751509374,0.248490626,0.8642357801,1.689736257,2.553972037,1.3,1,5,2.34,0.85015092936961
Nägel,113,C,"Neulich baute die Kosmetikerin, während sie die Maniküre durchführte,",die Nägel,und lackierte sie.,0,0.08,0,4.7,4.3,5.5,3.739130435,1.236363636,0.751509374,0.248490626,3.231490308,1.366698443,4.598188751,6.9,1.7,5,2.34,0.85015092936961
Nägel,113,D,"Neulich baute die Kosmetikerin, während sie das Gespräch belauschte,",die Nägel,und lackierte sie.,0,0,0,2.6,1.15,5.5,3.739130435,1.236363636,0.751509374,0.248490626,0.8642357801,1.366698443,2.230934223,1.3,1,5,2.34,0.85015092936961
Ofen,4,A,"Vorsichtig erhitzt der Bäckerlehrling, nachdem er die Brötchen geformt hat,",den Ofen,auf 180 Grad.,0,1,0,5.1,4.35,6.6,2.351351351,5.076923077,0.3165407221,0.6834592779,1.376952141,4.510831234,5.887783375,6,2.7,4,5.06,1.62136648329937
Ofen,4,B,"Vorsichtig erhitzt der Bäckerlehrling, nachdem er die Fenster gekippt hat,",den Ofen,auf 180 Grad.,0,0.75,0,3.433,1.85,6.6,2.351351351,5.076923077,0.3165407221,0.6834592779,0.5856003359,4.510831234,5.09643157,2.4,1.3,4,5.06,1.62136648329937
Ofen,4,C,"Vorsichtig schlürft der Bäckerlehrling, nachdem er die Brötchen geformt hat,",den Ofen,auf 180 Grad.,0,0,0,3.333,4.35,1.3,2.351351351,5.076923077,0.3165407221,0.6834592779,1.376952141,0.8884970613,2.265449202,6,2.7,4,5.06,1.62136648329937
Ofen,4,D,"Vorsichtig schlürft der Bäckerlehrling, nachdem er die Fenster gekippt hat,",den Ofen,auf 180 Grad.,0,0.08,0,1.667,1.85,1.3,2.351351351,5.076923077,0.3165407221,0.6834592779,0.5856003359,0.8884970613,1.474097397,2.4,1.3,4,5.06,1.62136648329937
Orchester,46,A,"Am Abend dirigiert der Kapellmeister, der das Konzert eröffnet hat,",das Orchester,und das Streichquartett.,0,0.25,1,5.733,5.2,6.8,3.466666667,5.230769231,0.3985849057,0.6014150943,2.072641509,4.089622642,6.162264151,6.8,3.6,9,10.57,2.35801979988215
Orchester,46,B,"Am Abend dirigiert der Kapellmeister, der die Unterschriften gesammelt hat,",das Orchester,und das Streichquartett.,0,0.25,1,3.267,1.5,6.8,3.466666667,5.230769231,0.3985849057,0.6014150943,0.5978773585,4.089622642,4.6875,1.6,1.4,9,10.57,2.35801979988215
Orchester,46,C,"Am Abend vernichtet der Kapellmeister, der das Konzert eröffnet hat,",das Orchester,und das Streichquartett.,0,0,1,3.9,5.2,1.3,3.466666667,5.230769231,0.3985849057,0.6014150943,2.072641509,0.7818396226,2.854481132,6.8,3.6,9,10.57,2.35801979988215
Orchester,46,D,"Am Abend vernichtet der Kapellmeister, der die Unterschriften gesammelt hat,",das Orchester,und das Streichquartett.,0,0,1,1.433,1.5,1.3,3.466666667,5.230769231,0.3985849057,0.6014150943,0.5978773585,0.7818396226,1.379716981,1.6,1.4,9,10.57,2.35801979988215
Paket,52,A,"Heute überbringt der Bote, als er den Empfänger angetroffen hat,",das Paket,mit der Arbeitskleidung.,0,0.42,1,5.867,5.55,6.5,2.3125,5,0.3162393162,0.6837606838,1.755128205,4.444444444,6.19957265,6.7,4.4,5,10.42,2.34372703632522
Paket,52,B,"Heute überbringt der Bote, als er das Foyer durchquert hat,",das Paket,mit der Arbeitskleidung.,0,0.33,1,3.767,2.4,6.5,2.3125,5,0.3162393162,0.6837606838,0.758974359,4.444444444,5.203418803,3.6,1.2,5,10.42,2.34372703632522
Paket,52,C,"Heute erntet der Bote, als er den Empfänger angetroffen hat,",das Paket,mit der Arbeitskleidung.,0,0,1,4.133,5.55,1.3,2.3125,5,0.3162393162,0.6837606838,1.755128205,0.8888888889,2.644017094,6.7,4.4,5,10.42,2.34372703632522
Paket,52,D,"Heute erntet der Bote, als er das Foyer durchquert hat,",das Paket,mit der Arbeitskleidung.,0,0,1,2.033,2.4,1.3,2.3125,5,0.3162393162,0.6837606838,0.758974359,0.8888888889,1.647863248,3.6,1.2,5,10.42,2.34372703632522
Patienten,24,A,"Heute impft der Arzt, nachdem er die Spritze befüllt hat,",den Patienten,gegen Tetanus.,0,0.25,0,5.067,4.35,6.5,2.558823529,4.333333333,0.3712660028,0.6287339972,1.615007112,4.086770982,5.701778094,6.7,2,9,95.05,4.55440306893444
Patienten,24,B,"Heute impft der Arzt, nachdem er die Schublade geschlossen hat,",den Patienten,gegen Tetanus.,0,0.42,0,3.3,1.7,6.5,2.558823529,4.333333333,0.3712660028,0.6287339972,0.6311522048,4.086770982,4.717923186,2.1,1.3,9,95.05,4.55440306893444
Patienten,24,C,"Heute feuert der Arzt, nachdem er die Spritze befüllt hat,",den Patienten,gegen Tetanus.,0,0,0,3.4,4.35,1.5,2.558823529,4.333333333,0.3712660028,0.6287339972,1.615007112,0.9431009957,2.558108108,6.7,2,9,95.05,4.55440306893444
Patienten,24,D,"Heute feuert der Arzt, nachdem er die Schublade geschlossen hat,",den Patienten,gegen Tetanus.,0,0,0,1.633,1.7,1.5,2.558823529,4.333333333,0.3712660028,0.6287339972,0.6311522048,0.9431009957,1.574253201,2.1,1.3,9,95.05,4.55440306893444
Peitsche,96,A,"Hektisch knallte der Reiter, der das Pferd ritt,",die Peitsche,und gab die Sporen.,2,0.58,1,5.8,5.8,5.8,4.833333333,5.272727273,0.4782608696,0.5217391304,2.773913043,3.026086957,5.8,6,5.6,8,2.48,0.908258560176891
Peitsche,96,B,"Hektisch knallte der Reiter, der die Landschaft durchquerte,",die Peitsche,und gab die Sporen.,2,0.5,1,2.733,1.2,5.8,4.833333333,5.272727273,0.4782608696,0.5217391304,0.5739130435,3.026086957,3.6,1.2,1.2,8,2.48,0.908258560176891
Peitsche,96,C,"Hektisch verfasste der Reiter, der das Pferd ritt,",die Peitsche,und gab die Sporen.,2,0,1,4.233,5.8,1.1,4.833333333,5.272727273,0.4782608696,0.5217391304,2.773913043,0.5739130435,3.347826087,6,5.6,8,2.48,0.908258560176891
Peitsche,96,D,"Hektisch verfasste der Reiter, der die Landschaft durchquerte,",die Peitsche,und gab die Sporen.,2,0,1,1.167,1.2,1.1,4.833333333,5.272727273,0.4782608696,0.5217391304,0.5739130435,0.5739130435,1.147826087,1.2,1.2,8,2.48,0.908258560176891
Predigt,49,A,"Nachdenklich hält der Pfarrer, nachdem er die Bibel aufgeschlagen hat,",die Predigt,für die Gemeinde.,0,0.25,0,4.833,4.15,6.2,1.844444444,4.769230769,0.2788834324,0.7211165676,1.157366245,4.470922719,5.628288964,6.2,2.1,7,6.41,1.85785927093258
Predigt,49,B,"Nachdenklich hält der Pfarrer, nachdem er die Brille aufgesetzt hat,",die Predigt,für die Gemeinde.,0,0.5,0,3.567,2.25,6.2,1.844444444,4.769230769,0.2788834324,0.7211165676,0.6274877229,4.470922719,5.098410442,1.6,2.9,7,6.41,1.85785927093258
Predigt,49,C,"Nachdenklich leert der Pfarrer, nachdem er die Bibel aufgeschlagen hat,",die Predigt,für die Gemeinde.,0,0,0,3.2,4.15,1.3,1.844444444,4.769230769,0.2788834324,0.7211165676,1.157366245,0.9374515379,2.094817782,6.2,2.1,7,6.41,1.85785927093258
Predigt,49,D,"Nachdenklich leert der Pfarrer, nachdem er die Brille aufgesetzt hat,",die Predigt,für die Gemeinde.,0,0,0,1.933,2.25,1.3,1.844444444,4.769230769,0.2788834324,0.7211165676,0.6274877229,0.9374515379,1.564939261,1.6,2.9,7,6.41,1.85785927093258
Programm,59,A,"Unverzüglich entwickelte der Informatiker, der den Computer hochfuhr,",das Programm,für seinen Boss.,0,0.5,0,6.467,6.35,6.7,3.342105263,1.488888889,0.6918048662,0.3081951338,4.392960901,2.064907396,6.457868297,6.9,5.8,8,118.44,4.77440650323339
Programm,59,B,"Unverzüglich entwickelte der Informatiker, der den Energydrink trank,",das Programm,für seinen Boss.,0,0.75,0,3.5,1.9,6.7,3.342105263,1.488888889,0.6918048662,0.3081951338,1.314429246,2.064907396,3.379336642,1.8,2,8,118.44,4.77440650323339
Programm,59,C,"Unverzüglich trocknete der Informatiker, der den Computer hochfuhr,",das Programm,für seinen Boss.,0,0,0,5.733,6.35,4.5,3.342105263,1.488888889,0.6918048662,0.3081951338,4.392960901,1.386878102,5.779839003,6.9,5.8,8,118.44,4.77440650323339
Programm,59,D,"Unverzüglich trocknete der Informatiker, der den Energydrink trank,",das Programm,für seinen Boss.,0,0,0,2.767,1.9,4.5,3.342105263,1.488888889,0.6918048662,0.3081951338,1.314429246,1.386878102,2.701307348,1.8,2,8,118.44,4.77440650323339
Prüfung,61,A,"Zunächst bestand der Student, der das Studium wiederaufnahm,",die Prüfung,in Mathematik.,0,0.58,0,5.8,5.8,5.8,3.515151515,1.705882353,0.6732673267,0.3267326733,3.904950495,1.895049505,5.8,6.6,5,7,40.93,3.71186329050431
Prüfung,61,B,"Zunächst bestand der Student, der das Jackett auszog,",die Prüfung,in Mathematik.,0,0.25,0,3.033,1.65,5.8,3.515151515,1.705882353,0.6732673267,0.3267326733,1.110891089,1.895049505,3.005940594,2,1.3,7,40.93,3.71186329050431
Prüfung,61,C,"Zunächst kochte der Student, der das Studium wiederaufnahm,",die Prüfung,in Mathematik.,0,0,0,5,5.8,3.4,3.515151515,1.705882353,0.6732673267,0.3267326733,3.904950495,1.110891089,5.015841584,6.6,5,7,40.93,3.71186329050431
Prüfung,61,D,"Zunächst kochte der Student, der das Jackett auszog,",die Prüfung,in Mathematik.,0,0,0,2.233,1.65,3.4,3.515151515,1.705882353,0.6732673267,0.3267326733,1.110891089,1.110891089,2.221782178,2,1.3,7,40.93,3.71186329050431
Rasen,13,A,"Eine Zeit lang mähte der Gartenhelfer, nachdem er den Garten umgegraben hatte,",den Rasen,hinter der Villa.,0,0.92,1,6.467,6.3,6.8,3.073170732,4.857142857,0.3875219684,0.6124780316,2.441388401,4.164850615,6.606239016,7,5.6,5,5.03,1.61541998411165
Rasen,13,B,"Eine Zeit lang mähte der Gartenhelfer, nachdem er die Garage aufgeräumt hatte,",den Rasen,hinter der Villa.,0,0.92,1,3.633,2.05,6.8,3.073170732,4.857142857,0.3875219684,0.6124780316,0.7944200351,4.164850615,4.95927065,2.2,1.9,5,5.03,1.61541998411165
Rasen,13,C,"Eine Zeit lang räucherte der Gartenhelfer, nachdem er den Garten umgegraben hatte,",den Rasen,hinter der Villa.,0,0,1,4.667,6.3,1.4,3.073170732,4.857142857,0.3875219684,0.6124780316,2.441388401,0.8574692443,3.298857645,7,5.6,5,5.03,1.61541998411165
Rasen,13,D,"Eine Zeit lang räucherte der Gartenhelfer, nachdem er die Garage aufgeräumt hatte,",den Rasen,hinter der Villa.,0,0,1,1.833,2.05,1.4,3.073170732,4.857142857,0.3875219684,0.6124780316,0.7944200351,0.8574692443,1.651889279,2.2,1.9,5,5.03,1.61541998411165
Reifen,92,A,"Heute Morgen flickte der Radler, der die Luftpumpe benutzt hatte,",den Reifen,an seinem Rad.,0,0.67,1,5.867,5.45,6.7,3.633333333,6.090909091,0.3736366469,0.6263633531,2.036319726,4.196634466,6.232954191,6.8,4.1,6,7.19,1.97269117173296
Reifen,92,B,"Heute Morgen flickte der Radler, der den Schrank abgeschlossen hatte,",den Reifen,an seinem Rad.,0,0.67,1,3.233,1.5,6.7,3.633333333,6.090909091,0.3736366469,0.6263633531,0.5604549704,4.196634466,4.757089436,1.2,1.8,6,7.19,1.97269117173296
Reifen,92,C,"Heute Morgen trank der Radler, der die Luftpumpe benutzt hatte,",den Reifen,an seinem Rad.,0,0,1,4,5.45,1.1,3.633333333,6.090909091,0.3736366469,0.6263633531,2.036319726,0.6889996884,2.725319414,6.8,4.1,6,7.19,1.97269117173296
Reifen,92,D,"Heute Morgen trank der Radler, der den Schrank abgeschlossen hatte,",den Reifen,an seinem Rad.,0,0,1,1.367,1.5,1.1,3.633333333,6.090909091,0.3736366469,0.6263633531,0.5604549704,0.6889996884,1.249454659,1.2,1.8,6,7.19,1.97269117173296
Rohr,90,A,"Umsichtig repariert der Klempner, der das Wasser ausgestellt hat,",das Rohr,im Badezimmer.,0,0.17,1,4.467,3.95,5.5,1.338983051,5,0.2112299465,0.7887700535,0.8343582888,4.338235294,5.172593583,6.4,1.5,4,3.47,1.24415459395877
Rohr,90,B,"Umsichtig repariert der Klempner, der den Kirchenchor geleitet hat,",das Rohr,im Badezimmer.,0,0.25,1,3.8,2.95,5.5,1.338983051,5,0.2112299465,0.7887700535,0.6231283422,4.338235294,4.961363636,1.3,4.6,4,3.47,1.24415459395877
Rohr,90,C,"Umsichtig nascht der Klempner, der das Wasser ausgestellt hat,",das Rohr,im Badezimmer.,0,0,1,3,3.95,1.1,1.338983051,5,0.2112299465,0.7887700535,0.8343582888,0.8676470588,1.702005348,6.4,1.5,4,3.47,1.24415459395877
Rohr,90,D,"Umsichtig nascht der Klempner, der den Kirchenchor geleitet hat,",das Rohr,im Badezimmer.,0,0,1,2.333,2.95,1.1,1.338983051,5,0.2112299465,0.7887700535,0.6231283422,0.8676470588,1.490775401,1.3,4.6,4,3.47,1.24415459395877
Rolle,117,A,"Umgehend spielt der Schauspieler, der das Skript auswendig gelernt hat,",die Rolle,für das Theaterstück.,0,0.75,1,5.233,4.95,5.8,1.434782609,2.32,0.3821213525,0.6178786475,1.891500695,3.583696156,5.47519685,6.1,3.8,5,176.91,5.17564112868052
Rolle,117,B,"Umgehend spielt der Schauspieler, der die Torte gebacken hat,",die Rolle,für das Theaterstück.,0,0.67,1,4.233,3.45,5.8,1.434782609,2.32,0.3821213525,0.6178786475,1.318318666,3.583696156,4.902014822,2.3,4.6,5,176.91,5.17564112868052
Rolle,117,C,"Umgehend schnibbelt der Schauspieler, der das Skript auswendig gelernt hat,",die Rolle,für das Theaterstück.,0,0,1,4.133,4.95,2.5,1.434782609,2.32,0.3821213525,0.6178786475,1.891500695,1.544696619,3.436197314,6.1,3.8,5,176.91,5.17564112868052
Rolle,117,D,"Umgehend schnibbelt der Schauspieler, der die Torte gebacken hat,",die Rolle,für das Theaterstück.,0,0,1,3.133,3.45,2.5,1.434782609,2.32,0.3821213525,0.6178786475,1.318318666,1.544696619,2.863015285,2.3,4.6,5,176.91,5.17564112868052
Schiff,98,A,"Zufrieden kaperte der Pirat, der die Flagge hisste,",das Schiff,und übernahm das Kommando.,0,0.92,1,6.033,5.65,6.8,3.054054054,6.181818182,0.3306730513,0.6693269487,1.86830274,4.551423251,6.419725991,6.2,5.1,6,28.49,3.34955314850982
Schiff,98,B,"Zufrieden kaperte der Pirat, der die Fehde austrug,",das Schiff,und übernahm das Kommando.,0,0.92,1,3.5,1.85,6.8,3.054054054,6.181818182,0.3306730513,0.6693269487,0.611745145,4.551423251,5.163168396,2.3,1.4,6,28.49,3.34955314850982
Schiff,98,C,"Zufrieden verrührte der Pirat, der die Flagge hisste,",das Schiff,und übernahm das Kommando.,0,0,1,4.133,5.65,1.1,3.054054054,6.181818182,0.3306730513,0.6693269487,1.86830274,0.7362596435,2.604562384,6.2,5.1,6,28.49,3.34955314850982
Schiff,98,D,"Zufrieden verrührte der Pirat, der die Fehde austrug,",das Schiff,und übernahm das Kommando.,0,0,1,1.6,1.85,1.1,3.054054054,6.181818182,0.3306730513,0.6693269487,0.611745145,0.7362596435,1.348004789,2.3,1.4,6,28.49,3.34955314850982
Schloss,42,A,"Im Handumdrehen knackt der Einbrecher, der den Zahlencode erraten hat,",das Schloss,und stiehlt die Wertsachen.,0,0.25,0,5.067,4.4,6.4,2.146341463,4,0.3492063492,0.6507936508,1.536507937,4.165079365,5.701587302,7,1.8,7,13.47,2.60046499042227
Schloss,42,B,"Im Handumdrehen knackt der Einbrecher, der die Akte durchblättert hat,",das Schloss,und stiehlt die Wertsachen.,0,0.5,0,3.5,2.05,6.4,2.146341463,4,0.3492063492,0.6507936508,0.7158730159,4.165079365,4.880952381,2.6,1.5,7,13.47,2.60046499042227
Schloss,42,C,"Im Handumdrehen kopiert der Einbrecher, der den Zahlencode erraten hat,",das Schloss,und stiehlt die Wertsachen.,0,0,0,3.467,4.4,1.6,2.146341463,4,0.3492063492,0.6507936508,1.536507937,1.041269841,2.577777778,7,1.8,7,13.47,2.60046499042227
Schloss,42,D,"Im Handumdrehen kopiert der Einbrecher, der die Akte durchblättert hat,",das Schloss,und stiehlt die Wertsachen.,0,0,0,1.9,2.05,1.6,2.146341463,4,0.3492063492,0.6507936508,0.7158730159,1.041269841,1.757142857,2.6,1.5,7,13.47,2.60046499042227
Schuh,67,A,"Heute Morgen flickte der Schuster, der den Absatz ausgetauscht hatte,",den Schuh,und polierte ihn.,1,0.5,0,5.133,5.25,4.9,4.772727273,4.9,0.4934210526,0.5065789474,2.590460526,2.482236842,5.072697368,6.4,4.1,5,4.29,1.45628673293993
Schuh,67,B,"Heute Morgen flickte der Schuster, der die Sirene gehört hatte,",den Schuh,und polierte ihn.,1,0.75,0,2.367,1.1,4.9,4.772727273,4.9,0.4934210526,0.5065789474,0.5427631579,2.482236842,3.025,1.2,1,5,4.29,1.45628673293993
Schuh,67,C,"Heute Morgen schmeckte der Schuster, der den Absatz ausgetauscht hatte,",den Schuh,und polierte ihn.,1,0,0,3.833,5.25,1,4.772727273,4.9,0.4934210526,0.5065789474,2.590460526,0.5065789474,3.097039474,6.4,4.1,5,4.29,1.45628673293993
Schuh,67,D,"Heute Morgen schmeckte der Schuster, der die Sirene gehört hatte,",den Schuh,und polierte ihn.,1,0,0,1.067,1.1,1,4.772727273,4.9,0.4934210526,0.5065789474,0.5427631579,0.5065789474,1.049342105,1.2,1,5,4.29,1.45628673293993
Schwert,103,A,"Angespannt zückte der Ritter, nachdem er den Kampf begonnen hatte,",das Schwert,und griff den Gegner an.,0,0.92,1,4.533,3.85,5.9,3.666666667,5.363636364,0.4060402685,0.5939597315,1.563255034,3.504362416,5.06761745,6.2,1.5,7,10.3,2.33214389523559
Schwert,103,B,"Angespannt zückte der Ritter, nachdem er die Brücke überquert hatte,",das Schwert,und griff den Gegner an.,0,0.92,1,2.667,1.05,5.9,3.666666667,5.363636364,0.4060402685,0.5939597315,0.4263422819,3.504362416,3.930704698,1.1,1,7,10.3,2.33214389523559
Schwert,103,C,"Angespannt kaute der Ritter, nachdem er den Kampf begonnen hatte,",das Schwert,und griff den Gegner an.,0,0,1,2.933,3.85,1.1,3.666666667,5.363636364,0.4060402685,0.5939597315,1.563255034,0.6533557047,2.216610738,6.2,1.5,7,10.3,2.33214389523559
Schwert,103,D,"Angespannt kaute der Ritter, nachdem er die Brücke überquert hatte,",das Schwert,und griff den Gegner an.,0,0.08,1,1.067,1.05,1.1,3.666666667,5.363636364,0.4060402685,0.5939597315,0.4263422819,0.6533557047,1.079697987,1.1,1,7,10.3,2.33214389523559
Segel,79,A,"Langsam hisst der Matrose, nachdem er die Taue gekappt hat,",die Segel,des großen Bootes.,3,0.42,1,5.233,4.95,5.8,2.020408163,3.052631579,0.3982638154,0.6017361846,1.971405886,3.490069871,5.461475757,5.5,4.4,5,3.48,1.24703229378638
Segel,79,B,"Langsam hisst der Matrose, nachdem er die Handschuhe angezogen hat,",die Segel,des großen Bootes.,3,0.42,1,3.567,2.45,5.8,2.020408163,3.052631579,0.3982638154,0.6017361846,0.9757463477,3.490069871,4.465816219,2.2,2.7,5,3.48,1.24703229378638
Segel,79,C,"Langsam verzehrt der Matrose, nachdem er die Taue gekappt hat,",die Segel,des großen Bootes.,3,0,1,3.933,4.95,1.9,2.020408163,3.052631579,0.3982638154,0.6017361846,1.971405886,1.143298751,3.114704637,5.5,4.4,5,3.48,1.24703229378638
Segel,79,D,"Langsam verzehrt der Matrose, nachdem er die Handschuhe angezogen hat,",die Segel,des großen Bootes.,3,0,1,2.267,2.45,1.9,2.020408163,3.052631579,0.3982638154,0.6017361846,0.9757463477,1.143298751,2.119045098,2.2,2.7,5,3.48,1.24703229378638
Seil,111,A,"Am Vormittag knotete der Bergsteiger, nachdem er den Haken festgebohrt hatte,",das Seil,um den Aufstieg abzusichern.,2,0.58,0,4.1,3.1,6.1,2.066666667,5.083333333,0.289044289,0.710955711,0.896037296,4.336829837,5.232867133,4.6,1.6,4,4.62,1.53039470509365
Seil,111,B,"Am Vormittag knotete der Bergsteiger, nachdem er die Krähe verscheucht hatte,",das Seil,um den Aufstieg abzusichern.,2,0.75,0,3.033,1.5,6.1,2.066666667,5.083333333,0.289044289,0.710955711,0.4335664336,4.336829837,4.77039627,1.4,1.6,4,4.62,1.53039470509365
Seil,111,C,"Am Vormittag roch der Bergsteiger, nachdem er den Haken festgebohrt hatte,",das Seil,um den Aufstieg abzusichern.,2,0,0,2.467,3.1,1.2,2.066666667,5.083333333,0.289044289,0.710955711,0.896037296,0.8531468531,1.749184149,4.6,1.6,4,4.62,1.53039470509365
Seil,111,D,"Am Vormittag roch der Bergsteiger, nachdem er die Krähe verscheucht hatte,",das Seil,um den Aufstieg abzusichern.,2,0,0,1.4,1.5,1.2,2.066666667,5.083333333,0.289044289,0.710955711,0.4335664336,0.8531468531,1.286713287,1.4,1.6,4,4.62,1.53039470509365
Sendung,118,A,"Am Abend moderiert der Moderator, der die Zuschauer unterhält,",die Sendung,für den Fernsehkanal.,0,0.42,0,6.467,6.35,6.7,3.628571429,1.810810811,0.667092561,0.332907439,4.236037763,2.230479841,6.466517604,6.4,6.3,7,22.49,3.11307076597122
Sendung,118,B,"Am Abend moderiert der Moderator, der die Weltmeere bereist,",die Sendung,für den Fernsehkanal.,0,0.17,0,3.4,1.75,6.7,3.628571429,1.810810811,0.667092561,0.332907439,1.167411982,2.230479841,3.397891823,2,1.5,7,22.49,3.11307076597122
Sendung,118,C,"Am Abend wiegt der Moderator, der die Zuschauer unterhält,",die Sendung,für den Fernsehkanal.,0,0,0,5.467,6.35,3.7,3.628571429,1.810810811,0.667092561,0.332907439,4.236037763,1.231757524,5.467795287,6.4,6.3,7,22.49,3.11307076597122
Sendung,118,D,"Am Abend wiegt der Moderator, der die Weltmeere bereist,",die Sendung,für den Fernsehkanal.,0,0,0,2.4,1.75,3.7,3.628571429,1.810810811,0.667092561,0.332907439,1.167411982,1.231757524,2.399169506,2,1.5,7,22.49,3.11307076597122
Sieg,7,A,"Am Abend feiert der Gewinner, der den Pokal erhält,",den Sieg,mit einer Party.,0,0.5,0,5.8,5.6,6.2,2.947368421,3.444444444,0.461116194,0.538883806,2.582250686,3.341079597,5.923330284,6.8,4.4,4,46.42,3.83773040084629
Sieg,7,B,"Am Abend feiert der Gewinner, der das Eis isst,",den Sieg,mit einer Party.,0,0.75,0,3.333,1.9,6.2,2.947368421,3.444444444,0.461116194,0.538883806,0.8761207685,3.341079597,4.217200366,1.8,2,4,46.42,3.83773040084629
Sieg,7,C,"Am Abend knabbert der Gewinner, der den Pokal erhält,",den Sieg,mit einer Party.,0,0,0,4.333,5.6,1.8,2.947368421,3.444444444,0.461116194,0.538883806,2.582250686,0.9699908509,3.552241537,6.8,4.4,4,46.42,3.83773040084629
Sieg,7,D,"Am Abend knabbert der Gewinner, der das Eis isst,",den Sieg,mit einer Party.,0,0,0,1.867,1.9,1.8,2.947368421,3.444444444,0.461116194,0.538883806,0.8761207685,0.9699908509,1.846111619,1.8,2,4,46.42,3.83773040084629
Skizze,55,A,"Rasch entwarf der Architekt, bevor er den Bauplan erstellte,",die Skizze,für den Bauherrn.,0,0.42,0,6.533,6.45,6.7,1.433333333,5.583333333,0.2042755344,0.7957244656,1.317577197,5.331353919,6.648931116,6.4,6.5,6,3.18,1.15688119679209
Skizze,55,B,"Rasch entwarf der Architekt, bevor er den Vortrag schrieb,",die Skizze,für den Bauherrn.,0,0.25,0,5.233,4.5,6.7,1.433333333,5.583333333,0.2042755344,0.7957244656,0.919239905,5.331353919,6.250593824,4.3,4.7,6,3.18,1.15688119679209
Skizze,55,C,"Rasch schüttelte der Architekt, bevor er den Bauplan erstellte,",die Skizze,für den Bauherrn.,0,0,0,4.7,6.45,1.2,1.433333333,5.583333333,0.2042755344,0.7957244656,1.317577197,0.9548693587,2.272446556,6.4,6.5,6,3.18,1.15688119679209
Skizze,55,D,"Rasch schüttelte der Architekt, bevor er den Vortrag schrieb,",die Skizze,für den Bauherrn.,0,0,0,3.4,4.5,1.2,1.433333333,5.583333333,0.2042755344,0.7957244656,0.919239905,0.9548693587,1.874109264,4.3,4.7,6,3.18,1.15688119679209
Stab,39,A,"Zügig hob der Dirigent, der das Tempo wechselte,",den Stab,und gab den Takt an.,0,0.42,1,2.167,1.75,3,1.346153846,2.307692308,0.3684210526,0.6315789474,0.6447368421,1.894736842,2.539473684,1.9,1.6,4,5.75,1.74919985480926
Stab,39,B,"Zügig hob der Dirigent, der das Gähnen unterdrückte,",den Stab,und gab den Takt an.,0,0.5,1,1.867,1.3,3,1.346153846,2.307692308,0.3684210526,0.6315789474,0.4789473684,1.894736842,2.373684211,1,1.6,4,5.75,1.74919985480926
Stab,39,C,"Zügig verdrückte der Dirigent, der das Tempo wechselte,",den Stab,und gab den Takt an.,0,0,1,1.6,1.75,1.3,1.346153846,2.307692308,0.3684210526,0.6315789474,0.6447368421,0.8210526316,1.465789474,1.9,1.6,4,5.75,1.74919985480926
Stab,39,D,"Zügig verdrückte der Dirigent, der das Gähnen unterdrückte,",den Stab,und gab den Takt an.,0,0,1,1.3,1.3,1.3,1.346153846,2.307692308,0.3684210526,0.6315789474,0.4789473684,0.8210526316,1.3,1,1.6,4,5.75,1.74919985480926
Stern,109,A,"Sofort entdeckt der Astronom, der das Teleskop aufgestellt hat,",den Stern,am Firmament.,0,0.58,1,4.333,4.05,4.9,1.653061224,3.5,0.3207920792,0.6792079208,1.299207921,3.328118812,4.627326733,5.7,2.4,5,17.18,2.84374591655611
Stern,109,B,"Sofort entdeckt der Astronom, der die Uhrzeit notiert hat,",den Stern,am Firmament.,0,0.58,1,3.267,2.45,4.9,1.653061224,3.5,0.3207920792,0.6792079208,0.7859405941,3.328118812,4.114059406,3,1.9,5,17.18,2.84374591655611
Stern,109,C,"Sofort serviert der Astronom, der das Teleskop aufgestellt hat,",den Stern,am Firmament.,0,0,1,3.167,4.05,1.4,1.653061224,3.5,0.3207920792,0.6792079208,1.299207921,0.9508910891,2.25009901,5.7,2.4,5,17.18,2.84374591655611
Stern,109,D,"Sofort serviert der Astronom, der die Uhrzeit notiert hat,",den Stern,am Firmament.,0,0,1,2.1,2.45,1.4,1.653061224,3.5,0.3207920792,0.6792079208,0.7859405941,0.9508910891,1.736831683,3,1.9,5,17.18,2.84374591655611
Strauß,116,A,"Zügig bindet der Florist, der die Rosen gezüchtet hat,",den Strauß,für die Hochzeit.,0,0.92,1,5.733,5.35,6.5,2.547619048,6.5,0.2815789474,0.7184210526,1.506447368,4.669736842,6.176184211,6.8,3.9,6,5.2,1.64865862558738
Strauß,116,B,"Zügig bindet der Florist, der die Fenster geschlossen hat,",den Strauß,für die Hochzeit.,0,0.92,1,3.567,2.1,6.5,2.547619048,6.5,0.2815789474,0.7184210526,0.5913157895,4.669736842,5.261052632,2.6,1.6,6,5.2,1.64865862558738
Strauß,116,C,"Zügig ölt der Florist, der die Rosen gezüchtet hat,",den Strauß,für die Hochzeit.,0,0,1,3.9,5.35,1,2.547619048,6.5,0.2815789474,0.7184210526,1.506447368,0.7184210526,2.224868421,6.8,3.9,6,5.2,1.64865862558738
Strauß,116,D,"Zügig ölt der Florist, der die Fenster geschlossen hat,",den Strauß,für die Hochzeit.,0,0,1,1.733,2.1,1,2.547619048,6.5,0.2815789474,0.7184210526,0.5913157895,0.7184210526,1.309736842,2.6,1.6,6,5.2,1.64865862558738
Straße,14,A,"Achtsam pflasterte der Bauarbeiter, der die Absperrungen umging,",die Straße,und den Bürgersteig.,1,0.42,1,6.133,3.85,6.8,0.6637931034,3.4,0.1633432329,0.8366567671,0.6288714468,5.689266016,6.318137463,6.5,5.1,6,93.48,4.53774750967066
Straße,14,B,"Achtsam pflasterte der Bauarbeiter, der die Steine schleppte,",die Straße,und den Bürgersteig.,1,0.42,1,4.833,5.8,6.8,0.6637931034,3.4,0.1633432329,0.8366567671,0.947390751,5.689266016,6.636656767,5.7,2,6,93.48,4.53774750967066
Straße,14,C,"Achtsam salzte der Bauarbeiter, der die Absperrungen umging,",die Straße,und den Bürgersteig.,1,0.08,1,4.533,3.85,2,0.6637931034,3.4,0.1633432329,0.8366567671,0.6288714468,1.673313534,2.302184981,6.5,5.1,6,93.48,4.53774750967066
Straße,14,D,"Achtsam salzte der Bauarbeiter, der die Steine schleppte,",die Straße,und den Bürgersteig.,1,0,1,3.233,5.8,2,0.6637931034,3.4,0.1633432329,0.8366567671,0.947390751,1.673313534,2.620704285,5.7,2,6,93.48,4.53774750967066
Stück,119,A,"Ohne zu zögern komponierte der Musiker, der die Noten aufschrieb,",das Stück,für seine nächste Sonate.,0,0.25,0,5.267,4.45,6.9,2.342105263,1.642857143,0.5877358491,0.4122641509,2.615424528,2.844622642,5.46004717,4.8,4.1,5,85.76,4.45155269732249
Stück,119,B,"Ohne zu zögern komponierte der Musiker, der die Fragen beantwortete,",das Stück,für seine nächste Sonate.,0,0.42,0,3.567,1.9,6.9,2.342105263,1.642857143,0.5877358491,0.4122641509,1.116698113,2.844622642,3.961320755,1.7,2.1,5,85.76,4.45155269732249
Stück,119,C,"Ohne zu zögern grillte der Musiker, der die Noten aufschrieb,",das Stück,für seine nächste Sonate.,0,0,0,4.367,4.45,4.2,2.342105263,1.642857143,0.5877358491,0.4122641509,2.615424528,1.731509434,4.346933962,4.8,4.1,5,85.76,4.45155269732249
Stück,119,D,"Ohne zu zögern grillte der Musiker, der die Fragen beantwortete,",das Stück,für seine nächste Sonate.,0,0.08,0,2.667,1.9,4.2,2.342105263,1.642857143,0.5877358491,0.4122641509,1.116698113,1.731509434,2.848207547,1.7,2.1,5,85.76,4.45155269732249
Ticket,6,A,"Umgehend löst der Fahrgast, der den Automaten bedient,",das Ticket,für die Fahrt.,0,0.33,1,5.1,4.5,6.3,3.461538462,5.25,0.3973509934,0.6026490066,1.78807947,3.796688742,5.584768212,6.7,2.3,6,3.61,1.28370777234479
Ticket,6,B,"Umgehend löst der Fahrgast, der die Einkaufstasche abstellt,",das Ticket,für die Fahrt.,0,0.33,1,2.967,1.3,6.3,3.461538462,5.25,0.3973509934,0.6026490066,0.5165562914,3.796688742,4.313245033,1.3,1.3,6,3.61,1.28370777234479
Ticket,6,C,"Umgehend knotet der Fahrgast, der den Automaten bedient,",das Ticket,für die Fahrt.,0,0,1,3.4,4.5,1.2,3.461538462,5.25,0.3973509934,0.6026490066,1.78807947,0.7231788079,2.511258278,6.7,2.3,6,3.61,1.28370777234479
Ticket,6,D,"Umgehend knotet der Fahrgast, der die Einkaufstasche abstellt,",das Ticket,für die Fahrt.,0,0,1,1.267,1.3,1.2,3.461538462,5.25,0.3973509934,0.6026490066,0.5165562914,0.7231788079,1.239735099,1.3,1.3,6,3.61,1.28370777234479
Tonne,95,A,"Zügig leerte der Müllmann, der den Müllwagen geparkt hatte,",die Tonne,und sprang auf den Müllwagen.,0,0.75,1,4.667,4.1,5.8,1.547169811,3.222222222,0.3243956044,0.6756043956,1.330021978,3.918505495,5.248527473,6.4,1.8,5,2.75,1.01160091167848
Tonne,95,B,"Zügig leerte der Müllmann, der den Hausbesitzer gegrüßt hatte,",die Tonne,und sprang auf den Müllwagen.,0,0.75,1,3.7,2.65,5.8,1.547169811,3.222222222,0.3243956044,0.6756043956,0.8596483516,3.918505495,4.778153846,4.2,1.1,5,2.75,1.01160091167848
Tonne,95,C,"Zügig bastelte der Müllmann, der den Müllwagen geparkt hatte,",die Tonne,und sprang auf den Müllwagen.,0,0,1,3.333,4.1,1.8,1.547169811,3.222222222,0.3243956044,0.6756043956,1.330021978,1.216087912,2.54610989,6.4,1.8,5,2.75,1.01160091167848
Tonne,95,D,"Zügig bastelte der Müllmann, der den Hausbesitzer gegrüßt hatte,",die Tonne,und sprang auf den Müllwagen.,0,0,1,2.367,2.65,1.8,1.547169811,3.222222222,0.3243956044,0.6756043956,0.8596483516,1.216087912,2.075736264,4.2,1.1,5,2.75,1.01160091167848
Tor,53,A,"Schnell schoss der Fußballspieler, der das Fußballfeld überquert hatte,",das Tor,und jubelte über seinen Erfolg.,3,0.92,0,5.7,5.1,6.9,2.372093023,4.6,0.3402268179,0.6597731821,1.735156771,4.552434957,6.287591728,6.8,3.4,3,29.09,3.37039447250711
Tor,53,B,"Schnell schoss der Fußballspieler, der die Jacke ausgezogen hatte,",das Tor,und jubelte über seinen Erfolg.,3,0.67,0,3.733,2.15,6.9,2.372093023,4.6,0.3402268179,0.6597731821,0.7314876584,4.552434957,5.283922615,1.6,2.7,3,29.09,3.37039447250711
Tor,53,C,"Schnell spürte der Fußballspieler, der das Fußballfeld überquert hatte,",das Tor,und jubelte über seinen Erfolg.,3,0,0,3.9,5.1,1.5,2.372093023,4.6,0.3402268179,0.6597731821,1.735156771,0.9896597732,2.724816544,6.8,3.4,3,29.09,3.37039447250711
Tor,53,D,"Schnell spürte der Fußballspieler, der die Jacke ausgezogen hatte,",das Tor,und jubelte über seinen Erfolg.,3,0,0,1.933,2.15,1.5,2.372093023,4.6,0.3402268179,0.6597731821,0.7314876584,0.9896597732,1.721147432,1.6,2.7,3,29.09,3.37039447250711
Tuch,102,A,"Konzentriert schwang der Torero, der den Stier verwundet hatte,",das Tuch,und machte sich bereit.,0,0.67,0,4.167,4.9,2.7,1.661016949,1.038461538,0.6153103115,0.3846896885,3.015020526,1.038662159,4.053682685,6.3,3.5,4,7.04,1.95160817016995
Tuch,102,B,"Konzentriert schwang der Torero, der das Gebet aufgesagt hatte,",das Tuch,und machte sich bereit.,0,0.83,0,2.867,2.95,2.7,1.661016949,1.038461538,0.6153103115,0.3846896885,1.815165419,1.038662159,2.853827578,4.1,1.8,4,7.04,1.95160817016995
Tuch,102,C,"Konzentriert befüllte der Torero, der den Stier verwundet hatte,",das Tuch,und machte sich bereit.,0,0,0,4.133,4.9,2.6,1.661016949,1.038461538,0.6153103115,0.3846896885,3.015020526,1.00019319,4.015213716,6.3,3.5,4,7.04,1.95160817016995
Tuch,102,D,"Konzentriert befüllte der Torero, der das Gebet aufgesagt hatte,",das Tuch,und machte sich bereit.,0,0,0,2.833,2.95,2.6,1.661016949,1.038461538,0.6153103115,0.3846896885,1.815165419,1.00019319,2.815358609,4.1,1.8,4,7.04,1.95160817016995
Unterricht,86,A,"Heute früh schwänzte der Schüler, der die Klasse wiederholt hatte,",den Unterricht,und wurde erwischt.,2,0.5,0,6.533,6.45,6.7,2.303571429,3.941176471,0.368881413,0.631118587,2.379285114,4.228494533,6.607779647,7,5.9,10,41.74,3.73145990164905
Unterricht,86,B,"Heute früh schwänzte der Schüler, der das Handy verloren hatte,",den Unterricht,und wurde erwischt.,2,0.33,0,4.1,2.8,6.7,2.303571429,3.941176471,0.368881413,0.631118587,1.032867956,4.228494533,5.261362489,3.8,1.8,10,41.74,3.73145990164905
Unterricht,86,C,"Heute früh dekorierte der Schüler, der die Klasse wiederholt hatte,",den Unterricht,und wurde erwischt.,2,0,0,4.867,6.45,1.7,2.303571429,3.941176471,0.368881413,0.631118587,2.379285114,1.072901598,3.452186712,7,5.9,10,41.74,3.73145990164905
Unterricht,86,D,"Heute früh dekorierte der Schüler, der das Handy verloren hatte,",den Unterricht,und wurde erwischt.,2,0,0,2.433,2.8,1.7,2.303571429,3.941176471,0.368881413,0.631118587,1.032867956,1.072901598,2.105769554,3.8,1.8,10,41.74,3.73145990164905
Urteil,60,A,"Nun verkündete der Richter, nachdem er den Angeklagten hereingerufen hatte,",das Urteil,und schloss die Verhandlung.,0,1,1,6.067,5.75,6.7,2.446808511,3.941176471,0.3830329154,0.6169670846,2.202439263,4.133679467,6.33611873,7,4.5,6,63.28,4.1475693234594
Urteil,60,B,"Nun verkündete der Richter, nachdem er die Lesebrille aufgesetzt hatte,",das Urteil,und schloss die Verhandlung.,0,1,1,3.8,2.35,6.7,2.446808511,3.941176471,0.3830329154,0.6169670846,0.9001273511,4.133679467,5.033806818,1.9,2.8,6,63.28,4.1475693234594
Urteil,60,C,"Nun roch der Richter, nachdem er den Angeklagten hereingerufen hatte,",das Urteil,und schloss die Verhandlung.,0,0,1,4.4,5.75,1.7,2.446808511,3.941176471,0.3830329154,0.6169670846,2.202439263,1.048844044,3.251283307,7,4.5,6,63.28,4.1475693234594
Urteil,60,D,"Nun roch der Richter, nachdem er die Lesebrille aufgesetzt hatte,",das Urteil,und schloss die Verhandlung.,0,0,1,2.133,2.35,1.7,2.446808511,3.941176471,0.3830329154,0.6169670846,0.9001273511,1.048844044,1.948971395,1.9,2.8,6,63.28,4.1475693234594
Wachs,44,A,"Umsichtig schmolz der Kerzenzieher, nachdem er den Docht gekürzt hatte,",das Wachs,und fuhr mit der Arbeit fort.,0,0.83,1,5.1,4.5,6.3,3.103448276,6.3,0.3300330033,0.6699669967,1.485148515,4.220792079,5.705940594,6.7,2.3,5,2.45,0.896088024556636
Wachs,44,B,"Umsichtig schmolz der Kerzenzieher, nachdem er das Nähkästchen zugeklappt hatte,",das Wachs,und fuhr mit der Arbeit fort.,0,0.83,1,3.067,1.45,6.3,3.103448276,6.3,0.3300330033,0.6699669967,0.4785478548,4.220792079,4.699339934,1.5,1.4,5,2.45,0.896088024556636
Wachs,44,C,"Umsichtig würzte der Kerzenzieher, nachdem er den Docht gekürzt hatte,",das Wachs,und fuhr mit der Arbeit fort.,0,0,1,3.333,4.5,1,3.103448276,6.3,0.3300330033,0.6699669967,1.485148515,0.6699669967,2.155115512,6.7,2.3,5,2.45,0.896088024556636
Wachs,44,D,"Umsichtig würzte der Kerzenzieher, nachdem er das Nähkästchen zugeklappt hatte,",das Wachs,und fuhr mit der Arbeit fort.,0,0,1,1.3,1.45,1,3.103448276,6.3,0.3300330033,0.6699669967,0.4785478548,0.6699669967,1.148514851,1.5,1.4,5,2.45,0.896088024556636
Waffe,97,A,"Nach kurzem Überlegen zückte der Gangster, der die Bank überfiel,",die Waffe,und verlangte das Geld.,0,0.58,1,5.5,5.2,6.1,4.333333333,4.357142857,0.498630137,0.501369863,2.592876712,3.058356164,5.651232877,3.9,6.5,5,19.36,2.96320908184843
Waffe,97,B,"Nach kurzem Überlegen zückte der Gangster, der den Bus betrat,",die Waffe,und verlangte das Geld.,0,0.58,1,2.833,1.2,6.1,4.333333333,4.357142857,0.498630137,0.501369863,0.5983561644,3.058356164,3.656712329,1.3,1.1,5,19.36,2.96320908184843
Waffe,97,C,"Nach kurzem Überlegen gründete der Gangster, der die Bank überfiel,",die Waffe,und verlangte das Geld.,0,0,1,3.933,5.2,1.4,4.333333333,4.357142857,0.498630137,0.501369863,2.592876712,0.7019178082,3.294794521,3.9,6.5,5,19.36,2.96320908184843
Waffe,97,D,"Nach kurzem Überlegen gründete der Gangster, der den Bus betrat,",die Waffe,und verlangte das Geld.,0,0,1,1.267,1.2,1.4,4.333333333,4.357142857,0.498630137,0.501369863,0.5983561644,0.7019178082,1.300273973,1.3,1.1,5,19.36,2.96320908184843
Wahl,57,A,"Vorgestern gewann der Politiker, der die Stimmen zählte,",die Wahl,zum Minister.,0,1,0,6.167,5.9,6.7,2.681818182,4.1875,0.3904052936,0.6095947064,2.303391232,4.084284533,6.387675765,6.5,5.3,4,94.53,4.54891724443729
Wahl,57,B,"Vorgestern gewann der Politiker, der die Hände schüttelte,",die Wahl,zum Minister.,0,0.58,0,3.7,2.2,6.7,2.681818182,4.1875,0.3904052936,0.6095947064,0.858891646,4.084284533,4.943176179,2.8,1.6,4,94.53,4.54891724443729
Wahl,57,C,"Vorgestern reparierte der Politiker, der die Stimmen zählte,",die Wahl,zum Minister.,0,0.08,0,4.467,5.9,1.6,2.681818182,4.1875,0.3904052936,0.6095947064,2.303391232,0.9753515302,3.278742763,6.5,5.3,4,94.53,4.54891724443729
Wahl,57,D,"Vorgestern reparierte der Politiker, der die Hände schüttelte,",die Wahl,zum Minister.,0,0,0,2,2.2,1.6,2.681818182,4.1875,0.3904052936,0.6095947064,0.858891646,0.9753515302,1.834243176,2.8,1.6,4,94.53,4.54891724443729
Wand,36,A,"Sofort streicht der Maler, nachdem er die Tapete angebracht hat,",die Wand,des Büros.,0,0.5,0,6.3,6.25,6.4,4.464285714,5.818181818,0.4341648248,0.5658351752,2.713530155,3.621345122,6.334875276,7,5.5,4,27.53,3.31527631915452
Wand,36,B,"Sofort streicht der Maler, nachdem er den Hund gefüttert hat,",die Wand,des Büros.,0,0.67,0,3.067,1.4,6.4,4.464285714,5.818181818,0.4341648248,0.5658351752,0.6078307547,3.621345122,4.229175876,1.5,1.3,4,27.53,3.31527631915452
Wand,36,C,"Sofort lenkt der Maler, nachdem er die Tapete angebracht hat,",die Wand,des Büros.,0,0.08,0,4.533,6.25,1.1,4.464285714,5.818181818,0.4341648248,0.5658351752,2.713530155,0.6224186928,3.335948847,7,5.5,4,27.53,3.31527631915452
Wand,36,D,"Sofort lenkt der Maler, nachdem er den Hund gefüttert hat,",die Wand,des Büros.,0,0,0,1.3,1.4,1.1,4.464285714,5.818181818,0.4341648248,0.5658351752,0.6078307547,0.6224186928,1.230249447,1.5,1.3,4,27.53,3.31527631915452
Weide,48,A,"Vorsichtig umzäunt der Schäfer, der die Schafe gehütet hat,",die Weide,mit einem Draht.,0,0.67,0,6.033,6.05,6,4.321428571,6,0.4186851211,0.5813148789,2.533044983,3.487889273,6.020934256,6.7,5.4,5,3.02,1.10525683138678
Weide,48,B,"Vorsichtig umzäunt der Schäfer, der das Mittagessen vergessen hat,",die Weide,mit einem Draht.,0,0.42,0,2.933,1.4,6,4.321428571,6,0.4186851211,0.5813148789,0.5861591696,3.487889273,4.074048443,1.4,1.4,5,3.02,1.10525683138678
Weide,48,C,"Vorsichtig fälscht der Schäfer, der die Schafe gehütet hat,",die Weide,mit einem Draht.,0,0,0,4.367,6.05,1,4.321428571,6,0.4186851211,0.5813148789,2.533044983,0.5813148789,3.114359862,6.7,5.4,5,3.02,1.10525683138678
Weide,48,D,"Vorsichtig fälscht der Schäfer, der das Mittagessen vergessen hat,",die Weide,mit einem Draht.,0,0,0,1.267,1.4,1,4.321428571,6,0.4186851211,0.5813148789,0.5861591696,0.5813148789,1.167474048,1.4,1.4,5,3.02,1.10525683138678
Welle,76,A,"Direkt surft der Surfer, der die Badehose angezogen hat,",die Welle,bis zum Strand.,0,0.58,0,4.467,3.2,7,1.422222222,4.666666667,0.2335766423,0.7664233577,0.7474452555,5.364963504,6.112408759,5.1,1.3,5,15.55,2.74406063862524
Welle,76,B,"Direkt surft der Surfer, der den Tagesausflug unternommen hat,",die Welle,bis zum Strand.,0,0.42,0,3.833,2.25,7,1.422222222,4.666666667,0.2335766423,0.7664233577,0.5255474453,5.364963504,5.890510949,3.2,1.3,5,15.55,2.74406063862524
Welle,76,C,"Direkt reserviert der Surfer, der die Badehose angezogen hat,",die Welle,bis zum Strand.,0,0,0,2.633,3.2,1.5,1.422222222,4.666666667,0.2335766423,0.7664233577,0.7474452555,1.149635036,1.897080292,5.1,1.3,5,15.55,2.74406063862524
Welle,76,D,"Direkt reserviert der Surfer, der den Tagesausflug unternommen hat,",die Welle,bis zum Strand.,0,0,0,2,2.25,1.5,1.422222222,4.666666667,0.2335766423,0.7664233577,0.5255474453,1.149635036,1.675182482,3.2,1.3,5,15.55,2.74406063862524
Wohnung,50,A,"Unverzüglich möblierte der Vermieter, der den Mieter aufgenommen hatte,",die Wohnung,mit neuen Möbeln.,0,0.5,0,5.5,4.85,6.8,1.168674699,4.857142857,0.1939445873,0.8060554127,0.9406312482,5.481176807,6.421808055,7,2.7,7,60.89,4.10906895762048
Wohnung,50,B,"Unverzüglich möblierte der Vermieter, der die Überweisung erhalten hatte,",die Wohnung,mit neuen Möbeln.,0,0.75,0,5.033,4.15,6.8,1.168674699,4.857142857,0.1939445873,0.8060554127,0.8048700371,5.481176807,6.286046844,4.7,3.6,7,60.89,4.10906895762048
Wohnung,50,C,"Unverzüglich erntete der Vermieter, der den Mieter aufgenommen hatte,",die Wohnung,mit neuen Möbeln.,0,0,0,3.7,4.85,1.4,1.168674699,4.857142857,0.1939445873,0.8060554127,0.9406312482,1.128477578,2.069108826,7,2.7,7,60.89,4.10906895762048
Wohnung,50,D,"Unverzüglich erntete der Vermieter, der die Überweisung erhalten hatte,",die Wohnung,mit neuen Möbeln.,0,0,0,3.233,4.15,1.4,1.168674699,4.857142857,0.1939445873,0.8060554127,0.8048700371,1.128477578,1.933347615,4.7,3.6,7,60.89,4.10906895762048
Wort,47,A,"Direkt buchstabiert der Sprachschüler, nachdem er das Buch aufgeschlagen hat,",das Wort,und notiert es.,3,0.83,0,5.567,4.95,6.8,1.736842105,4,0.3027522936,0.6972477064,1.498623853,4.741284404,6.239908257,6.3,3.6,4,149.7,5.00863329142558
Wort,47,B,"Direkt buchstabiert der Sprachschüler, nachdem er den Pausenhof verlassen hat,",das Wort,und notiert es.,3,0.67,0,4.167,2.85,6.8,1.736842105,4,0.3027522936,0.6972477064,0.8628440367,4.741284404,5.60412844,3,2.7,4,149.7,5.00863329142558
Wort,47,C,"Direkt dekoriert der Sprachschüler, nachdem er das Buch aufgeschlagen hat,",das Wort,und notiert es.,3,0,0,3.867,4.95,1.7,1.736842105,4,0.3027522936,0.6972477064,1.498623853,1.185321101,2.683944954,6.3,3.6,4,149.7,5.00863329142558
Wort,47,D,"Direkt dekoriert der Sprachschüler, nachdem er den Pausenhof verlassen hat,",das Wort,und notiert es.,3,0,0,2.467,2.85,1.7,1.736842105,4,0.3027522936,0.6972477064,0.8628440367,1.185321101,2.048165138,3,2.7,4,149.7,5.00863329142558
Wunde,16,A,"Rasch näht der Notarzt, der den Verletzten betreut,",die Wunde,mit fünf Stichen.,0,0.92,1,5.267,5,5.8,2,2.9,0.4081632653,0.5918367347,2.040816327,3.432653061,5.473469388,6.7,3.3,5,6.4,1.85629799036563
Wunde,16,B,"Rasch näht der Notarzt, der den Ohrring trägt,",die Wunde,mit fünf Stichen.,0,0.92,1,3.6,2.5,5.8,2,2.9,0.4081632653,0.5918367347,1.020408163,3.432653061,4.453061224,3.2,1.8,5,6.4,1.85629799036563
Wunde,16,C,"Rasch versteckt der Notarzt, der den Verletzten betreut,",die Wunde,mit fünf Stichen.,0,0,1,4,5,2,2,2.9,0.4081632653,0.5918367347,2.040816327,1.183673469,3.224489796,6.7,3.3,5,6.4,1.85629799036563
Wunde,16,D,"Rasch versteckt der Notarzt, der den Ohrring trägt,",die Wunde,mit fünf Stichen.,0,0,1,2.333,2.5,2,2,2.9,0.4081632653,0.5918367347,1.020408163,1.183673469,2.204081633,3.2,1.8,5,6.4,1.85629799036563
Ziel,75,A,"Augenblicklich erreicht der Sprinter, der das Rennen gewinnt,",das Ziel,und durchtrennt die Ziellinie.,1,0.92,0,6.133,5.9,6.6,2.565217391,3.473684211,0.4247821144,0.5752178856,2.506214475,3.796438045,6.30265252,6,5.8,4,196.79,5.282137170319
Ziel,75,B,"Augenblicklich erreicht der Sprinter, der den Wind genießt,",das Ziel,und durchtrennt die Ziellinie.,1,0.75,0,3.733,2.3,6.6,2.565217391,3.473684211,0.4247821144,0.5752178856,0.9769988632,3.796438045,4.773436908,1.9,2.7,4,196.79,5.282137170319
Ziel,75,C,"Augenblicklich reinigt der Sprinter, der das Rennen gewinnt,",das Ziel,und durchtrennt die Ziellinie.,1,0,0,4.567,5.9,1.9,2.565217391,3.473684211,0.4247821144,0.5752178856,2.506214475,1.092913983,3.599128458,6,5.8,4,196.79,5.282137170319
Ziel,75,D,"Augenblicklich reinigt der Sprinter, der den Wind genießt,",das Ziel,und durchtrennt die Ziellinie.,1,0,0,2.167,2.3,1.9,2.565217391,3.473684211,0.4247821144,0.5752178856,0.9769988632,1.092913983,2.069912846,1.9,2.7,4,196.79,5.282137170319
Zukunft,114,A,"Sogleich prophezeite der Wahrsager, der die Kristallkugel befragt hatte,",die Zukunft,der Familie.,0,0.58,1,5.8,5.3,6.8,4.24,4.533333333,0.4832826748,0.5167173252,2.561398176,3.513677812,6.075075988,6.7,3.9,7,182.56,5.20707888611377
Zukunft,114,B,"Sogleich prophezeite der Wahrsager, der die Kerze angezündet hatte,",die Zukunft,der Familie.,0,0.58,1,3.1,1.25,6.8,4.24,4.533333333,0.4832826748,0.5167173252,0.6041033435,3.513677812,4.117781155,1.4,1.1,7,182.56,5.20707888611377
Zukunft,114,C,"Sogleich würzte der Wahrsager, der die Kristallkugel befragt hatte,",die Zukunft,der Familie.,0,0,1,4.033,5.3,1.5,4.24,4.533333333,0.4832826748,0.5167173252,2.561398176,0.7750759878,3.336474164,6.7,3.9,7,182.56,5.20707888611377
Zukunft,114,D,"Sogleich würzte der Wahrsager, der die Kerze angezündet hatte,",die Zukunft,der Familie.,0,0,1,1.333,1.25,1.5,4.24,4.533333333,0.4832826748,0.5167173252,0.6041033435,0.7750759878,1.379179331,1.4,1.1,7,182.56,5.20707888611377
Zwiebeln,43,A,"Routiniert hackte der Küchengehilfe, bevor er die Suppe umrührte,",die Zwiebeln,und den Knoblauch.,0,0.25,1,4.733,4,6.2,3.333333333,4.769230769,0.4113924051,0.5886075949,1.64556962,3.649367089,5.294936709,5.7,2.3,8,2.18,0.779324876800998
Zwiebeln,43,B,"Routiniert hackte der Küchengehilfe, bevor er das Radio einschaltete,",die Zwiebeln,und den Knoblauch.,0,0.33,1,2.867,1.2,6.2,3.333333333,4.769230769,0.4113924051,0.5886075949,0.4936708861,3.649367089,4.143037975,1.3,1.1,8,2.18,0.779324876800998
Zwiebeln,43,C,"Routiniert schraubte der Küchengehilfe, bevor er die Suppe umrührte,",die Zwiebeln,und den Knoblauch.,0,0,1,3.1,4,1.3,3.333333333,4.769230769,0.4113924051,0.5886075949,1.64556962,0.7651898734,2.410759494,5.7,2.3,8,2.18,0.779324876800998
Zwiebeln,43,D,"Routiniert schraubte der Küchengehilfe, bevor er das Radio einschaltete,",die Zwiebeln,und den Knoblauch.,0,0,1,1.233,1.2,1.3,3.333333333,4.769230769,0.4113924051,0.5886075949,0.4936708861,0.7651898734,1.258860759,1.3,1.1,8,2.18,0.779324876800998
